geonameid,name,asciiname,latitude,longitude,feature class,feature code,country code,cc2,admin1 code,admin2 code,population,elevation,gtopo30,timezone,modification date
292223,Dubai,Dubai,25.2522222,55.28,P,PPL,AE,,03,,1137347,,9,Asia/Dubai,2007-02-17
292672,Sharjah,Sharjah,25.3622222,55.3911111,P,PPL,AE,,06,,543733,,18,Asia/Dubai,2006-11-05
292968,Abu Dhabi,Abu Dhabi,24.4666667,54.3666667,P,PPLC,AE,,01,,603492,,14,Asia/Dubai,2007-02-17
1138958,Kabul,Kabul,34.5166667,69.1833333,P,PPLC,AF,,13,,3043532,,1808,Asia/Kabul,2007-02-17
616052,Yerevan,Yerevan,40.1811111,44.5136111,P,PPLC,AM,,11,,1093485,,1002,Asia/Yerevan,2007-04-04
2240449,Luanda,Luanda,-8.8383333,13.2344444,P,PPLC,AO,,10,,2776168,,6,Africa/Luanda,2007-02-17
3430863,Mar del Plata,Mar del Plata,-38.0,-57.55,P,PPL,AR,,01,,553935,,39,America/Argentina/Buenos_Aires,2007-02-17
3432043,La Plata,La Plata,-34.9313889,-57.9488889,P,PPLA,AR,,01,,694167,,29,America/Argentina/Buenos_Aires,2007-02-17
3435910,Buenos Aires,Buenos Aires,-34.5875,-58.6725,P,PPLC,AR,,07,,13076300,,14,America/Argentina/Buenos_Aires,2006-07-28
3836873,San Miguel de Tucumán,San Miguel de Tucuman,-26.8166667,-65.2166667,P,PPLA,AR,,24,,781023,,437,America/Argentina/Catamarca,2007-02-17
3838233,Salta,Salta,-24.7833333,-65.4166667,P,PPLA,AR,,17,,512686,,1171,America/Argentina/Jujuy,2007-02-17
3838583,Rosario,Rosario,-32.9511111,-60.6663889,P,PPL,AR,,21,,1173533,,11,America/Argentina/Buenos_Aires,2007-02-17
3844421,Mendoza,Mendoza,-32.8833333,-68.8166667,P,PPLA,AR,,13,,876884,,824,America/Argentina/Mendoza,2006-01-17
3860259,Córdoba,Cordoba,-31.4,-64.1833333,P,PPLA,AR,,05,,1428214,,384,America/Argentina/Cordoba,2007-02-17
2063523,Perth,Perth,-31.9333333,115.8333333,P,PPLA,AU,,08,,1446704,,32,Australia/Perth,2007-02-17
2078025,Adelaide,Adelaide,-34.9333333,138.6,P,PPLA,AU,,05,,1074159,,65,Australia/Adelaide,2007-02-17
2147714,Sydney,Sydney,-33.8678499639382,151.207323074341,P,PPLA,AU,,02,,4394576,,1,Australia/Sydney,2007-02-17
2158177,Melbourne,Melbourne,-37.8166667,144.9666667,P,PPLA,AU,,07,,3730206,,64,Australia/Melbourne,2007-02-17
2207259,South Brisbane,South Brisbane,-27.4833333,153.0166667,P,PPLX,AU,,04,,1843392,,17,Australia/Brisbane,2006-01-17
587084,Baku,Baku,40.3952778,49.8822222,P,PPLC,AZ,,09,,1116513,,30,Asia/Baku,2007-02-17
3191281,Sarajevo,Sarajevo,43.85,18.3833333,P,PPLC,BA,,01,,696731,,545,Europe/Sarajevo,2007-03-28
1185128,Rājshāhi,Rajshahi,24.3666667,88.6,P,PPL,BD,,00,,700133,,31,Asia/Dhaka,2006-11-07
1185241,Dhaka,Dhaka,23.7230556,90.4086111,P,PPLC,BD,,81,,10356500,,4,Asia/Dhaka,2007-02-17
1336135,Khulna,Khulna,22.8,89.55,P,PPL,BD,,00,,1342339,,9,Asia/Dhaka,2007-02-17
2800866,Brussels,Brussels,50.8465974826927,4.35277462005615,P,PPLC,BE,,11,,1019022,,48,Europe/Brussels,2007-03-31
2357048,Ouagadougou,Ouagadougou,12.3702778,-1.5247222,P,PPLC,BF,,53,,1086505,,307,Africa/Ouagadougou,2007-02-17
727011,Sofia,Sofia,42.6833333,23.3166667,P,PPLC,BG,,42,,1152556,,592,Europe/Sofia,2007-02-17
2394819,Cotonou,Cotonou,6.35,2.4333333,P,PPLA,BJ,,14,,690584,,53,Africa/Porto-Novo,2007-02-17
3904906,Santa Cruz de la Sierra,Santa Cruz de la Sierra,-17.8,-63.1666667,P,PPLA,BO,BO,08,,1364389,,439,America/La_Paz,2007-02-17
3911925,La Paz,La Paz,-16.5,-68.15,P,PPLC,BO,,04,,812799,,3829,America/La_Paz,2007-02-17
3919968,Cochabamba,Cochabamba,-17.3833333,-66.15,P,PPLA,BO,,02,,900414,,2574,America/La_Paz,2007-02-17
3386496,Teresina,Teresina,-5.089166667,-42.80194444,P,PPLA,BR,,20,,744512,,58,America/Fortaleza,2007-02-17
3388368,São Luís,Sao Luis,-2.529722222,-44.30277778,P,PPLA,BR,,13,,917237,,1,America/Belem,2007-02-17
3390760,Recife,Recife,-8.053888889,-34.88111111,P,PPLA,BR,,19,,1478098,,1,America/Recife,2007-02-17
3394023,Natal,Natal,-5.795,-35.20944444,P,PPLA,BR,,22,,763043,,2,America/Recife,2007-02-17
3395981,Maceió,Maceio,-9.665833333,-35.73527778,P,PPLA,BR,,02,,954991,,1,America/Maceio,2007-02-17
3397277,João Pessoa,Joao Pessoa,-7.115,-34.86305556,P,PPLA,BR,,17,,650883,,3,America/Recife,2007-02-17
3397838,Jaboatão,Jaboatao,-8.180277778,-35.00138889,P,PPLL,BR,,19,,702621,,62,America/Maceio,2006-12-13
3405870,Belém,Belem,-1.455833333,-48.50444444,P,PPLA,BR,,16,,1407737,,1,America/Belem,2007-02-17
3445831,Uberlândia,Uberlandia,-18.91861111,-48.27722222,P,PPL,BR,,15,,563536,,690,America/Sao_Paulo,2006-12-13
3447399,Sorocaba,Sorocaba,-23.50166667,-47.45805556,P,PPL,BR,,27,,558862,,601,America/Sao_Paulo,2006-12-13
3448439,São Paulo,Sao Paulo,-23.5475,-46.63611111,P,PPLA,BR,,27,,10021295,,631,America/Sao_Paulo,2007-02-17
3448636,São José dos Campos,Sao Jose dos Campos,-23.17944444,-45.88694444,P,PPL,BR,,27,,613764,20,572,America/Sao_Paulo,2007-02-18
3449344,São Bernardo do Campo,Sao Bernardo do Campo,-23.69388889,-46.565,P,PPL,BR,,27,,743372,,760,America/Sao_Paulo,2007-02-18
3449701,Santo André,Santo Andre,-23.66388889,-46.53833333,P,PPL,BR,,27,,662373,,765,America/Sao_Paulo,2007-02-18
3450554,Salvador,Salvador,-12.97111111,-38.51083333,P,PPLA,BR,,05,,2711840,,1,America/Bahia,2007-02-17
3451190,Rio de Janeiro,Rio de Janeiro,-22.90277778,-43.2075,P,PPLA,BR,,21,,6023699,,19,America/Sao_Paulo,2007-02-17
3451328,Ribeirão Preto,Ribeirao Preto,-21.1775,-47.81027778,P,PPL,BR,,27,,551267,,593,America/Sao_Paulo,2007-02-18
3452925,Porto Alegre,Porto Alegre,-30.03305556,-51.23,P,PPLA,BR,,23,,1372741,,1,America/Sao_Paulo,2007-02-17
3455775,Osasco,Osasco,-23.5325,-46.79166667,P,PPL,BR,,27,,677856,,633,America/Sao_Paulo,2006-12-13
3456160,Nova Iguaçu,Nova Iguacu,-22.75916667,-43.45111111,P,PPL,BR,,21,,1002118,,154,America/Sao_Paulo,2006-12-13
3461786,Guarulhos,Guarulhos,-23.46277778,-46.53333333,P,PPL,BR,,27,,1169577,,704,America/Sao_Paulo,2007-02-18
3462377,Goiânia,Goiania,-16.67861111,-49.25388889,P,PPLA,BR,,10,,1171195,,790,America/Campo_Grande,2007-02-17
3464374,Duque de Caxias,Duque de Caxias,-22.78555556,-43.31166667,P,PPL,BR,,21,,818329,,7,America/Sao_Paulo,2006-12-13
3464975,Curitiba,Curitiba,-25.42777778,-49.27305556,P,PPLA,BR,,18,,1718421,,913,America/Sao_Paulo,2007-02-17
3465038,Cuiabá,Cuiaba,-15.59611111,-56.09666667,P,PPLA,BR,,14,,521934,,173,America/Cuiaba,2007-02-17
3465624,Contagem,Contagem,-19.93166667,-44.05361111,P,PPL,BR,,15,,627123,,878,America/Sao_Paulo,2006-12-13
3467747,Campo Grande,Campo Grande,-20.44277778,-54.64638889,P,PPLA,BR,,11,,729151,,602,America/Campo_Grande,2007-02-17
3467865,Campinas,Campinas,-22.90555556,-47.06083333,P,PPL,BR,,27,,1031554,,670,America/Sao_Paulo,2007-02-17
3469058,Brasília,Brasilia,-15.77972222,-47.92972222,P,PPLC,BR,,07,,2207718,,1092,America/Campo_Grande,2007-02-17
3470127,Belo Horizonte,Belo Horizonte,-19.92083333,-43.93777778,P,PPLA,BR,,15,,2373224,888,877,America/Sao_Paulo,2007-03-30
3663517,Manaus,Manaus,-3.101944444,-60.025,P,PPLA,BR,,04,,1598210,,37,America/Manaus,2007-02-17
625144,Minsk,Minsk,53.9,27.5666667,P,PPLC,BY,,00,,1742124,,199,Europe/Minsk,2007-02-17
5913490,Calgary,Calgary,51.050112282,-114.085285152,P,PPL,CA,,01,,968460,,1052,America/Edmonton,2007-02-17
5946768,Edmonton,Edmonton,53.550135939,-113.468712219,P,PPL,CA,,01,,712391,668,640,America/Edmonton,2007-03-30
6077243,Montréal,Montreal,45.516779223,-73.649179482,P,PPL,CA,,10,,3268513,,47,America/Montreal,2007-03-30
6094817,Ottawa,Ottawa,45.266802781,-75.749349956,P,PPLC,CA,,08,,1142700,,93,America/Montreal,2007-02-17
6167865,Toronto,Toronto,43.700113788,-79.416304194,P,PPL,CA,,08,,4612191,,173,America/Toronto,2007-04-04
6173331,Vancouver,Vancouver,49.249657393,-123.119340403,P,PPL,CA,,02,,1837969,,63,America/Vancouver,2007-01-26
6183235,Winnipeg,Winnipeg,49.884398624,-97.147044715,P,PPL,CA,,03,,632063,,230,America/Winnipeg,2007-02-17
209228,Mbuji-Mayi,Mbuji-Mayi,-6.15,23.6,P,PPLA,CD,,04,,874761,,550,Africa/Lubumbashi,2006-11-07
212730,Kisangani,Kisangani,0.5166667,25.2,P,PPLA,CD,,09,,539158,,457,Africa/Kinshasa,2007-02-17
922704,Lubumbashi,Lubumbashi,-11.6666667,27.4666667,P,PPLA,CD,,05,,1373770,,1209,Africa/Lubumbashi,2007-02-17
2314302,Kinshasa,Kinshasa,-4.3297222,15.315,P,PPLC,CD,,06,,7785965,,224,Africa/Kinshasa,2007-02-17
2389853,Bangui,Bangui,4.3666667,18.5833333,P,PPLC,CF,,18,,542393,,373,Africa/Bangui,2007-02-17
2255414,Pointe-Noire,Pointe-Noire,-4.7947222,11.8461111,P,PPLA,CG,,04,,659084,,1,Africa/Brazzaville,2007-02-17
2260535,Brazzaville,Brazzaville,-4.2591667,15.2847222,P,PPLC,CG,,12,,1284609,,156,Africa/Brazzaville,2007-02-17
2290956,Bouaké,Bouake,7.6833333,-5.0330556,P,PPLA,CI,,90,,567481,,313,Africa/Abidjan,2006-05-01
2293538,Abidjan,Abidjan,5.3411111,-4.0280556,P,PPLA,CI,,82,,3677115,,75,Africa/Abidjan,2007-02-17
3871336,Santiago,Santiago,-33.45,-70.6666667,P,PPLC,CL,,12,,4837295,,513,America/Santiago,2007-02-17
3875024,viña causiño,vina causino,-33.6166667,-70.5833333,P,PPL,CL,,12,,510417,,673,America/Santiago,2007-03-16
2220957,Yaoundé,Yaounde,3.8666667,11.5166667,P,PPLC,CM,,11,,1299369,,733,Africa/Douala,2007-02-17
2232593,Douala,Douala,4.0502778,9.7,P,PPLA,CM,,05,,1338082,,1,Africa/Douala,2007-02-17
1529102,Ürümqi,Urumqi,43.8,87.5833333,P,PPLA,CN,,13,,1508225,,915,Asia/Urumqi,2007-03-19
1529195,Shihezi,Shihezi,44.3,86.0333333,P,PPL,CN,,13,,572772,,461,Asia/Urumqi,2006-11-05
1783745,Zigong,Zigong,29.4,104.7833333,P,PPL,CN,,32,,689961,,456,Asia/Chongqing,2006-11-07
1783763,Zhuzhou,Zhuzhou,27.8333333,113.15,P,PPL,CN,,11,,709358,,31,Asia/Chongqing,2006-01-17
1784642,Zhenjiang,Zhenjiang,32.2091667,119.4341667,P,PPL,CN,,04,,632552,,13,Asia/Shanghai,2006-11-07
1784658,Zhengzhou,Zhengzhou,34.7577778,113.6486111,P,PPLA,CN,,09,,2014125,,107,Asia/Shanghai,2007-03-19
1784990,Zhanjiang,Zhanjiang,21.2,110.3833333,P,PPL,CN,,30,,637790,,7,Asia/Chongqing,2007-02-17
1785018,Zhangzhou,Zhangzhou,24.5133333,117.6555556,P,PPL,CN,,07,,589831,,1,Asia/Shanghai,2006-11-07
1785286,Zibo,Zibo,36.7905556,118.0633333,P,PPL,CN,,25,,669770,,47,Asia/Shanghai,2007-02-17
1785294,Anyang,Anyang,36.0994444,114.3288889,P,PPL,CN,,09,,781129,,87,Asia/Shanghai,2006-01-17
1787093,Yantai,Yantai,37.5333333,121.4,P,PPL,CN,,25,,719332,,46,Asia/Shanghai,2006-01-17
1787227,Yangzhou,Yangzhou,32.3972222,119.4358333,P,PPL,CN,,04,,539715,,10,Asia/Shanghai,2007-02-18
1787746,Yancheng,Yancheng,33.3855556,120.1252778,P,PPL,CN,,04,,628441,,3,Asia/Shanghai,2006-11-07
1787824,Xuzhou,Xuzhou,34.2669444,117.1916667,P,PPL,CN,,04,,1199193,,45,Asia/Shanghai,2006-11-05
1788534,Xinyang,Xinyang,32.1227778,114.0655556,P,PPL,CN,,09,,1590668,,73,Asia/Shanghai,2006-01-17
1788572,Xinxiang,Xinxiang,35.3088889,113.8672222,P,PPL,CN,,09,,743601,,76,Asia/Shanghai,2006-01-17
1788852,Xining,Xining,36.6166667,101.7666667,P,PPLA,CN,,06,,767531,,2252,Asia/Chongqing,2007-03-19
1788927,Xingtai,Xingtai,37.0630556,114.4941667,P,PPL,CN,,10,,611739,,71,Asia/Shanghai,2006-01-17
1790353,Xianyang,Xianyang,34.3455556,108.7147222,P,PPL,CN,,26,,1034081,,405,Asia/Chongqing,2006-01-17
1790437,Zhuhai,Zhuhai,22.2769444,113.5677778,P,PPL,CN,,30,,501199,,23,Asia/Chongqing,2006-11-05
1790492,Xiangtan,Xiangtan,27.85,112.9,P,PPL,CN,,11,,674189,,42,Asia/Chongqing,2006-01-17
1790645,Xiamen,Xiamen,24.4675,118.0930556,P,PPL,CN,,07,,578337,,-9999,Asia/Shanghai,2007-02-17
1790923,Wuxi,Wuxi,31.5772222,120.2938889,P,PPL,CN,,04,,1108647,,7,Asia/Shanghai,2006-11-05
1791121,Changde,Changde,29.0322222,111.6780556,P,PPL,CN,,11,,517780,,35,Asia/Chongqing,2006-01-17
1791236,Wuhu,Wuhu,31.35,118.3666667,P,PPL,CN,,01,,507524,,13,Asia/Shanghai,2007-02-18
1791247,Wuhan,Wuhan,30.5833333,114.2666667,P,PPLA,CN,,12,,4184206,,25,Asia/Shanghai,2007-03-19
1791388,Wenzhou,Wenzhou,28.0191667,120.6544444,P,PPL,CN,,02,,865672,,17,Asia/Shanghai,2006-01-17
1792947,Tianjin,Tianjin,39.1422222,117.1766667,P,PPLA,CN,,28,,3766207,,8,Asia/Shanghai,2007-03-19
1793346,Tangshan,Tangshan,39.6333333,118.1833333,P,PPL,CN,,10,,1596949,,20,Asia/Harbin,2007-02-17
1793424,Tanggu,Tanggu,39.0211111,117.6469444,P,PPL,CN,,28,,535298,,15,Asia/Shanghai,2006-01-17
1793505,Taizhou,Taizhou,32.4933333,119.9080556,P,PPL,CN,,04,,612356,,6,Asia/Shanghai,2006-11-07
1793511,Taiyuan,Taiyuan,37.8694444,112.5602778,P,PPLA,CN,,24,,2722475,,794,Asia/Shanghai,2007-03-19
1795270,Shijiazhuang,Shijiazhuang,38.0413889,114.4786111,P,PPLA,CN,,10,,1992474,,79,Asia/Shanghai,2007-03-19
1795565,Shenzhen,Shenzhen,22.5333333,114.1333333,P,PPL,CN,,30,,1002592,,29,Asia/Chongqing,2007-02-17
1795874,Shaoguan,Shaoguan,24.8,113.5833333,P,PPL,CN,,30,,628749,,61,Asia/Chongqing,2006-11-07
1795940,Shantou,Shantou,23.36,116.6783333,P,PPL,CN,,30,,1333973,,5,Asia/Shanghai,2007-02-17
1796236,Shanghai,Shanghai,31.2222222,121.4580556,P,PPLA,CN,,23,,14608512,,6,Asia/Shanghai,2007-03-19
1797121,Jieyang,Jieyang,23.5297222,116.3655556,P,PPL,CN,,30,,1001985,,5,Asia/Shanghai,2006-11-07
1797595,Qinhuangdao,Qinhuangdao,39.9316667,119.5883333,P,PPL,CN,,10,,759718,,5,Asia/Harbin,2007-02-18
1797873,Huaiyin,Huaiyin,33.5886111,119.0191667,P,PPL,CN,,04,,555230,,12,Asia/Shanghai,2006-01-17
1797929,Qingdao,Qingdao,36.0986111,120.3719444,P,PPL,CN,,25,,1642245,,32,Asia/Shanghai,2007-02-17
1798422,Puyang,Puyang,35.7027778,115.0052778,P,PPL,CN,,09,,666322,,52,Asia/Shanghai,2006-01-17
1798827,Pingdingshan,Pingdingshan,33.7408333,113.3063889,P,PPL,CN,,09,,889675,,63,Asia/Shanghai,2006-01-17
1799397,Ningbo,Ningbo,29.875,121.5419444,P,PPL,CN,,02,,719867,,9,Asia/Shanghai,2006-11-05
1799491,Neijiang,Neijiang,29.5836111,105.0591667,P,PPL,CN,,32,,546854,,318,Asia/Chongqing,2006-11-07
1799722,Nantong,Nantong,32.0302778,120.8747222,P,PPL,CN,,04,,666251,,8,Asia/Shanghai,2007-02-18
1799869,Nanning,Nanning,22.8166667,108.3166667,P,PPLA,CN,,16,,803788,,73,Asia/Chongqing,2007-03-19
1799962,Nanjing,Nanjing,32.0616667,118.7777778,P,PPLA,CN,,04,,3087010,,12,Asia/Shanghai,2007-03-19
1800163,Nanchang,Nanchang,28.6833333,115.8833333,P,PPLA,CN,,03,,1871351,,19,Asia/Shanghai,2007-03-19
1801792,Luoyang,Luoyang,34.6836111,112.4536111,P,PPL,CN,,09,,1390581,,133,Asia/Chongqing,2007-02-17
1802204,Luancheng,Luancheng,37.8791667,114.6516667,P,PPL,CN,,10,,597130,,53,Asia/Shanghai,2006-01-17
1804540,Langfang,Langfang,39.5097222,116.6947222,P,PPL,CN,,10,,720119,,19,Asia/Harbin,2006-11-07
1804651,Kunming,Kunming,25.0388889,102.7183333,P,PPLA,CN,,29,,1023674,,1911,Asia/Chongqing,2007-03-19
1805753,Jinan,Jinan,36.6683333,116.9972222,P,PPLA,CN,,25,,2069266,,29,Asia/Shanghai,2007-03-19
1805987,Jiaozuo,Jiaozuo,35.2397222,113.2330556,P,PPL,CN,,09,,517540,,93,Asia/Shanghai,2006-01-17
1806299,Jiangmen,Jiangmen,22.5833333,113.0833333,P,PPL,CN,,30,,532419,,10,Asia/Chongqing,2006-11-07
1807234,Huangshi,Huangshi,30.2166667,115.1,P,PPL,CN,,12,,688090,,5,Asia/Shanghai,2006-01-17
1807681,Huainan,Huainan,32.6263889,116.9969444,P,PPL,CN,,01,,1027655,,43,Asia/Shanghai,2006-01-17
1807700,Huaibei,Huaibei,33.9744444,116.7916667,P,PPL,CN,,01,,903039,,41,Asia/Shanghai,2006-11-07
1808370,Hengyang,Hengyang,26.8880556,112.615,P,PPL,CN,,11,,759602,,36,Asia/Chongqing,2006-01-17
1808722,Hefei,Hefei,31.8638889,117.2808333,P,PPLA,CN,,01,,1388904,,18,Asia/Shanghai,2007-03-19
1808926,Hangzhou,Hangzhou,30.2552778,120.1688889,P,PPLA,CN,,02,,1878129,,18,Asia/Shanghai,2007-03-19
1808963,Handan,Handan,36.6005556,114.4677778,P,PPL,CN,,10,,1358318,,69,Asia/Shanghai,2006-01-17
1809078,Haikou,Haikou,20.0458333,110.3416667,P,PPLA,CN,,31,,615835,,8,Asia/Chongqing,2007-03-19
1809461,Guiyang,Guiyang,26.5833333,106.7166667,P,PPLA,CN,,18,,1171633,,1078,Asia/Chongqing,2007-03-19
1809498,Guilin,Guilin,25.2819444,110.2863889,P,PPL,CN,,16,,649352,,148,Asia/Chongqing,2006-11-05
1809858,Guangzhou,Guangzhou,23.1166667,113.25,P,PPLA,CN,,30,,3152825,,10,Asia/Chongqing,2007-03-19
1810821,Fuzhou,Fuzhou,26.0613889,119.3061111,P,PPLA,CN,,07,,1179720,,13,Asia/Shanghai,2007-03-19
1811103,Foshan,Foshan,23.0333333,113.1166667,P,PPL,CN,,30,,627348,,12,Asia/Chongqing,2007-02-18
1814087,Dalian,Dalian,38.9122222,121.6022222,P,PPL,CN,,19,,2035307,,23,Asia/Harbin,2006-01-17
1814906,Chongqing,Chongqing,29.5627778,106.5527778,P,PPLA,CN,,33,,3967028,,234,Asia/Chongqing,2007-03-19
1815286,Chengdu,Chengdu,30.6666667,104.0666667,P,PPLA,CN,,32,,3950437,,529,Asia/Chongqing,2007-03-19
1815456,Changzhou,Changzhou,31.7833333,119.9666667,P,PPL,CN,,04,,949018,,7,Asia/Shanghai,2007-02-17
1815463,Changzhi,Changzhi,35.2088889,111.7386111,P,PPL,CN,,24,,699514,,405,Asia/Chongqing,2006-01-17
1815577,Changsha,Changsha,28.2,112.9666667,P,PPLA,CN,,11,,2073938,,46,Asia/Chongqing,2007-03-19
1816080,Cangzhou,Cangzhou,38.3166667,116.8666667,P,PPL,CN,,10,,527681,,9,Asia/Shanghai,2006-11-07
1816440,Bengbu,Bengbu,32.9408333,117.3608333,P,PPL,CN,,01,,576648,,31,Asia/Shanghai,2007-02-18
1816670,Beijing,Beijing,39.9288889,116.3883333,P,PPLC,CN,,22,,7480601,,59,Asia/Harbin,2007-03-30
1816971,Baoding,Baoding,38.8511111,115.4902778,P,PPL,CN,,10,,995652,,13,Asia/Shanghai,2006-11-05
1886760,Suzhou,Suzhou,31.3113889,120.6180556,P,PPL,CN,,04,,1343091,,4,Asia/Shanghai,2007-02-17
2033196,Zhangjiakou,Zhangjiakou,40.81,114.8794444,P,PPL,CN,,10,,692602,,757,Asia/Harbin,2006-11-05
2033370,Yingkou,Yingkou,40.6680556,122.2247222,P,PPL,CN,,19,,591159,,2,Asia/Harbin,2006-01-17
2034714,Siping,Siping,43.1633333,124.3686111,P,PPL,CN,,05,,555609,,150,Asia/Harbin,2006-01-17
2034937,Shenyang,Shenyang,41.7922222,123.4327778,P,PPLA,CN,,19,,3512192,,48,Asia/Harbin,2007-03-19
2035265,Qiqihar,Qiqihar,47.3408333,123.9672222,P,PPL,CN,,08,,882364,,147,Asia/Harbin,2006-11-05
2035513,Panshan,Panshan,41.1880556,122.0494444,P,PPL,CN,,19,,625040,,3,Asia/Harbin,2006-01-27
2035715,Mudanjiang,Mudanjiang,44.5833333,129.6,P,PPL,CN,,08,,665915,,246,Asia/Harbin,2007-02-17
2036113,Liaoyang,Liaoyang,41.2719444,123.1730556,P,PPL,CN,,19,,687890,,24,Asia/Harbin,2006-01-17
2036427,Jinzhou,Jinzhou,41.1077778,121.1416667,P,PPL,CN,,19,,604269,,14,Asia/Harbin,2006-01-17
2036502,Jilin,Jilin,43.8508333,126.5602778,P,PPL,CN,,05,,1881977,,186,Asia/Harbin,2007-02-17
2036581,Jiamusi,Jiamusi,46.8333333,130.35,P,PPL,CN,,08,,549549,,61,Asia/Harbin,2007-02-17
2036892,Hohhot,Hohhot,40.8105556,111.6522222,P,PPLA,CN,,20,,774477,,1092,Asia/Harbin,2007-03-19
2036986,Hegang,Hegang,47.4,130.3666667,P,PPL,CN,,08,,743307,,207,Asia/Harbin,2006-01-17
2037013,Harbin,Harbin,45.75,126.65,P,PPLA,CN,,08,,3229883,,168,Asia/Harbin,2007-03-19
2037346,Fuxin,Fuxin,42.0155556,121.6588889,P,PPL,CN,,19,,689050,,131,Asia/Harbin,2006-11-07
2037355,Fushun,Fushun,41.8558333,123.9233333,P,PPL,CN,,19,,1400646,,90,Asia/Harbin,2006-01-17
2037799,Datong,Datong,40.0936111,113.2913889,P,PPL,CN,,24,,1052678,,1041,Asia/Harbin,2007-02-17
2037886,Dandong,Dandong,40.1291667,124.3947222,P,PPL,CN,,19,,631973,,1,Asia/Harbin,2007-02-17
2038180,Changchun,Changchun,43.88,125.3227778,P,PPLA,CN,,05,,2537421,,212,Asia/Harbin,2007-03-19
2038300,Benxi,Benxi,41.2886111,123.765,P,PPL,CN,,19,,987717,,156,Asia/Harbin,2007-02-18
2038632,Anshan,Anshan,41.1236111,122.99,P,PPL,CN,,19,,1199275,,83,Asia/Harbin,2006-01-17
3674962,Medellín,Medellin,6.2913889,-75.5361111,P,PPLA,CO,,02,,1999979,,2076,America/Bogota,2007-02-17
3685533,Cúcuta,Cucuta,7.8833333,-72.5052778,P,PPLA,CO,,21,,721398,,314,America/Bogota,2007-02-18
3687238,Cartagena,Cartagena,10.3997222,-75.5144444,P,PPLA,CO,,05,,952024,,36,America/Bogota,2007-02-17
3687925,Cali,Cali,3.4372222,-76.5225,P,PPLA,CO,,29,,2392877,,758,America/Bogota,2007-02-17
3688465,Bucaramanga,Bucaramanga,7.1297222,-73.1258333,P,PPLA,CO,,26,,571820,,967,America/Bogota,2007-02-17
3688689,Bogotá,Bogota,4.6,-74.0833333,P,PPLC,CO,,33,,7102602,,2620,America/Bogota,2007-02-17
3689147,Barranquilla,Barranquilla,10.9638889,-74.7963889,P,PPLA,CO,,04,,1380425,,33,America/Bogota,2007-02-17
3536729,Santiago de Cuba,Santiago de Cuba,20.0247222,-75.8219444,P,PPL,CU,,15,,555865,,33,America/Havana,2007-02-17
3553478,Havana,Havana,23.1319444,-82.3641667,P,PPLC,CU,,02,,2163824,,5,America/Havana,2007-02-17
3067696,Praha,Praha,50.0878367932108,14.4241322001241,P,PPLC,CZ,,52,,1165581,,245,Europe/Prague,2007-02-17
2815353,Wahren,Wahren,51.3666667,12.3333333,P,PPLX,DE,,13,,500093,,113,Europe/Berlin,2006-11-07
2825297,Stuttgart,Stuttgart,48.7666667,9.1833333,P,PPLA,DE,,01,,589793,,303,Europe/Berlin,2006-11-05
2867714,Munich,Munich,48.15,11.5833333,P,PPLA,DE,,02,,1260391,,510,Europe/Berlin,2007-02-12
2879139,Leipzig,Leipzig,51.3,12.3333333,P,PPL,DE,,13,,504971,,110,Europe/Berlin,2007-01-29
2886242,Cologne,Cologne,50.9333333,6.95,P,PPL,DE,,07,,963395,,46,Europe/Berlin,2007-03-27
2910831,Hannover,Hannover,52.3666667,9.7166667,P,PPLA,DE,,06,,515140,,53,Europe/Berlin,2007-02-17
2911298,Hamburg,Hamburg,53.55,10.0,P,PPLA,DE,,04,,1739117,,3,Europe/Berlin,2007-02-17
2925533,Frankfurt am Main,Frankfurt am Main,50.1166667,8.6833333,P,PPL,DE,,05,,650000,,119,Europe/Berlin,2007-01-23
2928810,Essen,Essen,51.45,7.0166667,P,PPL,DE,,07,,593085,,107,Europe/Berlin,2007-02-17
2934246,Düsseldorf,Dusseldorf,51.2166667,6.7666667,P,PPLA,DE,,07,,573057,,37,Europe/Berlin,2007-02-17
2934691,Duisburg,Duisburg,51.4333333,6.75,P,PPL,DE,,07,,504358,,33,Europe/Berlin,2007-02-17
2935517,Dortmund,Dortmund,51.5166667,7.45,P,PPL,DE,,07,,588462,,95,Europe/Berlin,2007-02-17
2950159,Berlin,Berlin,52.5166667,13.4,P,PPLC,DE,,16,,3383782,,35,Europe/Berlin,2007-03-30
223817,Djibouti,Djibouti,11.595,43.1480556,P,PPLC,DJ,,03,,623891,,1,Africa/Djibouti,2007-02-17
2618425,Copenhagen,Copenhagen,55.6666667,12.5833333,P,PPLC,DK,,05,,1089957,,-9999,Europe/Copenhagen,2007-03-05
3492908,Santo Domingo,Santo Domingo,18.4666667,-69.9,P,PPLC,DO,,05,,2201941,,9,America/Santo_Domingo,2007-02-17
3492914,Santiago de los Caballeros,Santiago de los Caballeros,19.45,-70.7,P,PPL,DO,,25,,555904,,190,America/Santo_Domingo,2007-01-07
2485926,Oran,Oran,35.6911111,-0.6416667,P,PPL,DZ,,09,,645984,,101,Africa/Algiers,2006-11-05
2507480,Algiers,Algiers,36.7630556,3.0505556,P,PPLC,DZ,,01,,1977663,,1,Africa/Algiers,2007-02-17
3652462,Quito,Quito,-0.2166667,-78.5,P,PPLC,EC,,18,,1399814,,2764,America/Guayaquil,2007-02-17
3657509,Guayaquil,Guayaquil,-2.1666667,-79.9,P,PPL,EC,,10,,1952029,,47,America/Guayaquil,2007-02-17
360630,Cairo,Cairo,30.05,31.25,P,PPLC,EG,,11,,7734614,,23,Africa/Cairo,2007-02-17
360995,Al Jīzah,Al Jizah,30.0086111,31.2122222,P,PPL,EG,,08,,2443203,,26,Africa/Cairo,2007-02-17
361058,Alexandria,Alexandria,31.1980556,29.9191667,P,PPL,EG,,06,,3811516,,5,Africa/Cairo,2007-02-17
343300,Asmara,Asmara,15.3333333,38.9333333,P,PPLC,ER,,00,,563930,,2360,Africa/Asmera,2007-02-17
2509954,Valencia,Valencia,39.4697524227712,-0.377386808395386,P,PPLA,ES,,60,,793332,,10,Europe/Madrid,2007-02-17
2510911,Sevilla,Sevilla,37.3772222,-5.9869444,P,PPLA,ES,,51,,701894,,2,Africa/Ceuta,2007-02-17
2514256,Málaga,Malaga,36.7201559059499,-4.42034482955933,P,PPL,ES,,51,MA,550058,,1,Africa/Ceuta,2007-02-17
3104324,Zaragoza,Zaragoza,41.6560643302881,-0.877339839935303,P,PPLA,ES,,52,,649404,,183,Europe/Madrid,2007-03-22
3117735,Madrid,Madrid,40.4193773153485,-3.69312286376953,P,PPLC,ES,,29,M,3117977,,653,Europe/Madrid,2007-03-15
3128760,Barcelona,Barcelona,41.3833333,2.1833333,P,PPLA,ES,,56,B,1581595,15,5,Europe/Madrid,2007-03-24
344979,Addis Ababa,Addis Ababa,9.0333333,38.7,P,PPLC,ET,,10,,2757729,,2363,Africa/Addis_Ababa,2007-02-17
658225,Helsinki,Helsinki,60.1755556,24.9341667,P,PPLC,FI,,13,,558457,,23,Europe/Helsinki,2007-02-17
2988507,Paris,Paris,48.8666667,2.3333333,P,PPLC,FR,,A8,75,2138551,,35,Europe/Paris,2007-03-30
2995469,Marseille,Marseille,43.3,5.4,P,PPLA,FR,,B8,13,794811,,54,Europe/Paris,2007-02-17
2399697,Libreville,Libreville,0.3833333,9.45,P,PPLC,GA,,01,,578156,,-9999,Africa/Libreville,2007-02-17
2643743,London,London,51.5,-0.1166667,P,PPLC,GB,,H9,,7421209,,15,Europe/London,2007-04-04
2648579,Glasgow,Glasgow,55.8333333,-4.25,P,PPLA,GB,,V2,,610268,,66,Europe/London,2007-02-17
2655603,Birmingham,Birmingham,52.4666667,-1.9166667,P,PPLA,GB,,A7,,984333,,140,Europe/London,2007-02-17
611717,Tbilisi,Tbilisi,41.725,44.7908333,P,PPLC,GE,,00,,1049498,,420,Asia/Tbilisi,2007-04-04
2298890,Kumasi,Kumasi,6.6833333,-1.6166667,P,PPLA,GH,,02,,1468609,,247,Africa/Accra,2007-02-17
2306104,Accra,Accra,5.55,-0.2166667,P,PPLC,GH,,01,,1963264,,104,Africa/Accra,2007-02-17
2422465,Conakry,Conakry,9.5091667,-13.7122222,P,PPLC,GN,,04,,1767200,,235,Africa/Conakry,2007-02-17
2422488,Camayenne,Camayenne,9.535,-13.6877778,P,PPL,GN,,04,,1871242,,324,Africa/Conakry,2006-01-17
264371,Athens,Athens,37.9833333,23.7333333,P,PPLC,GR,,35,,729137,,110,Europe/Athens,2007-02-17
3598132,Guatemala,Guatemala,14.6211111,-90.5269444,P,PPLC,GT,,07,,994938,,1533,America/Guatemala,2007-02-17
1819729,Hong Kong (historical),Hong Kong (historical),22.2840136009625,114.15007352829,P,PPLC,HK,,00,,7012738,,-9999,Asia/Hong_Kong,2006-10-11
3600949,Tegucigalpa,Tegucigalpa,14.1,-87.2166667,P,PPLC,HN,,08,,850848,,997,America/Tegucigalpa,2007-02-17
3186886,Zagreb,Zagreb,45.8,16.0,P,PPLC,HR,,21,,698966,,131,Europe/Zagreb,2007-02-17
3718426,Port-au-Prince,Port-au-Prince,18.5391667,-72.335,P,PPLC,HT,,11,,1234742,,65,America/Port-au-Prince,2007-02-17
3054643,Budapest,Budapest,47.5,19.0833333,P,PPLC,HU,,05,,1708087,,100,Europe/Budapest,2006-11-05
1214520,Medan,Medan,3.5833333,98.6666667,P,PPLA,ID,,26,,1750971,,50,Asia/Pontianak,2007-02-17
1621177,Yogyakarta,Yogyakarta,-7.7827778,110.3608333,P,PPLA,ID,,10,,636660,,162,Asia/Jakarta,2006-11-05
1622786,Makassar,Makassar,-5.1463889,119.4386111,P,PPLA,ID,,20,,1321717,,13,Asia/Makassar,2007-02-17
1624917,Tanjungkarang-Telukbetung,Tanjungkarang-Telukbetung,-5.45,105.2666667,P,PPLA,ID,,15,,800348,,-9999,Asia/Jakarta,2006-05-01
1625084,Tangerang,Tangerang,-6.1780556,106.63,P,PPL,ID,,30,,1372124,,24,Asia/Jakarta,2006-11-07
1625812,Surakarta,Surakarta,-7.5561111,110.8316667,P,PPL,ID,,07,,555308,,109,Asia/Jakarta,2006-11-05
1625822,Surabaya,Surabaya,-7.2491667,112.7508333,P,PPLA,ID,,08,,2374658,,1,Asia/Makassar,2007-02-17
1627896,Semarang,Semarang,-6.9666667,110.4166667,P,PPLA,ID,,07,,1288084,,22,Asia/Jakarta,2007-02-17
1633419,Padang,Padang,-0.949243986848526,100.354270935059,P,PPLA,ID,,24,,840352,,61,Asia/Jakarta,2007-02-17
1636722,Malang,Malang,-7.9777778,112.6280556,P,PPL,ID,,08,,746716,,476,Asia/Jakarta,2007-02-18
1642911,Jakarta,Jakarta,-6.1744444,106.8294444,P,PPLC,ID,,04,,8540121,,2,Asia/Jakarta,2007-03-30
1645524,Depok,Depok,-6.4,106.8186111,P,PPL,ID,,30,,1198129,,84,Asia/Jakarta,2007-02-18
1649378,Bekasi,Bekasi,-6.2366667,106.9919444,P,PPL,ID,,30,,1520119,,36,Asia/Jakarta,2007-02-18
1650213,Banjarmasin,Banjarmasin,-3.3333333,114.5833333,P,PPLA,ID,,12,,572837,,1,Asia/Makassar,2006-01-17
1650357,Bandung,Bandung,-6.9127778,107.6205556,P,PPLA,ID,,30,,1699719,,815,Asia/Jakarta,2007-02-17
2964574,Baile Átha Cliath,Baile Atha Cliath,53.3330556,-6.2488889,P,PPLC,IE,,07,,1024027,,9,Europe/Dublin,2007-02-17
1252948,Warangal,Warangal,18.0,79.5833333,P,PPL,IN,,02,,557802,,302,Asia/Calcutta,2007-02-18
1253102,Vishākhapatnam,Vishakhapatnam,17.7,83.3,P,PPL,IN,,02,,1063178,,-9999,Asia/Calcutta,2007-02-17
1253184,Vijayawāda,Vijayawada,16.5166667,80.6166667,P,PPL,IN,,02,,874587,,12,Asia/Calcutta,2007-02-17
1253405,Benares,Benares,25.3333333,83.0,P,PPL,IN,,36,,1164404,,77,Asia/Calcutta,2007-02-17
1253573,Vadodara,Vadodara,22.3,73.2,P,PPL,IN,,09,,1409476,,194,Asia/Calcutta,2007-02-17
1253894,Ulhāsnagar,Ulhasnagar,19.2166667,73.15,P,PPL,IN,,16,,516584,,21,Asia/Calcutta,2006-01-17
1254163,Thiruvananthapuram,Thiruvananthapuram,8.4833333,76.9166667,P,PPLA,IN,,13,,784153,,1,Asia/Calcutta,2007-02-17
1254388,Tiruchchirāppalli,Tiruchchirappalli,10.8166667,78.6833333,P,PPL,IN,,25,,775484,,76,Asia/Calcutta,2006-01-17
1255364,Sūrat,Surat,21.1666667,72.8333333,P,PPL,IN,,09,,2894504,,13,Asia/Calcutta,2007-02-17
1255634,Srīnagar,Srinagar,34.0833333,74.8166667,P,PPLA,IN,,12,,975857,,1555,Asia/Calcutta,2007-02-17
1256436,Solāpur,Solapur,17.6833333,75.9166667,P,PPL,IN,,16,,997281,,458,Asia/Calcutta,2006-11-05
1256525,Shiliguri,Shiliguri,26.7,88.4333333,P,PPL,IN,,28,,515574,,122,Asia/Calcutta,2006-05-01
1257629,Salem,Salem,11.65,78.1666667,P,PPL,IN,,25,,778396,,278,Asia/Calcutta,2006-11-05
1258847,Rājkot,Rajkot,22.3,70.7833333,P,PPL,IN,,09,,1177362,,134,Asia/Calcutta,2007-02-18
1258980,Raipur,Raipur,21.2333333,81.6333333,P,PPL,IN,,37,,679995,,285,Asia/Calcutta,2006-01-17
1259229,Pune,Pune,18.5333333,73.8666667,P,PPL,IN,,16,,2935744,,570,Asia/Calcutta,2007-02-28
1259652,Pimpri,Pimpri,18.6166667,73.8,P,PPL,IN,,16,,1284606,,593,Asia/Calcutta,2006-01-17
1260086,Patna,Patna,25.6,85.1166667,P,PPLA,IN,,34,,1599920,,50,Asia/Calcutta,2007-02-17
1261731,Nāsik,Nasik,19.9833333,73.8,P,PPL,IN,,16,,1289497,,570,Asia/Calcutta,2006-01-27
1262180,Nāgpur,Nagpur,21.15,79.1,P,PPL,IN,,16,,2228018,,304,Asia/Calcutta,2007-02-17
1262321,Mysore,Mysore,12.3072222,76.6497222,P,PPL,IN,,19,,868313,,754,Asia/Calcutta,2007-02-17
1262801,Morādābād,Moradabad,28.8333333,78.7833333,P,PPL,IN,,36,,721139,,186,Asia/Calcutta,2006-01-17
1263214,Meerut,Meerut,28.9833333,77.7,P,PPL,IN,,36,,1223184,,219,Asia/Calcutta,2007-02-17
1264521,Madurai,Madurai,9.9333333,78.1166667,P,PPL,IN,,25,,909908,,136,Asia/Calcutta,2007-02-17
1264527,Madras,Madras,13.0878385345075,80.2784729003906,P,PPLA,IN,,25,,4328063,,20,Asia/Calcutta,2007-01-17
1264728,Ludhiāna,Ludhiana,30.9,75.85,P,PPL,IN,,23,,1545368,,243,Asia/Calcutta,2007-02-17
1264733,Lucknow,Lucknow,26.85,80.9166667,P,PPLA,IN,,36,,2472011,,131,Asia/Calcutta,2007-02-17
1266049,Kota,Kota,25.1833333,75.8333333,P,PPL,IN,,24,,763088,,249,Asia/Calcutta,2006-01-17
1266285,Kolhāpur,Kolhapur,16.7,74.2166667,P,PPL,IN,,16,,516142,,545,Asia/Calcutta,2006-01-17
1267995,Kānpur,Kanpur,26.4666667,80.35,P,PPL,IN,,36,,2823249,,128,Asia/Calcutta,2007-02-17
1268295,Kalyān,Kalyan,19.25,73.15,P,PPL,IN,,16,,1262255,,14,Asia/Calcutta,2006-01-17
1268782,Jalandhar,Jalandhar,31.3255556,75.5791667,P,PPL,IN,,23,,785178,,233,Asia/Calcutta,2006-01-17
1268865,Jodhpur,Jodhpur,26.2866667,73.03,P,PPL,IN,,24,,921476,,235,Asia/Calcutta,2007-02-17
1269300,Jamshedpur,Jamshedpur,22.8,86.1833333,P,PPL,IN,,38,,616338,,133,Asia/Calcutta,2007-02-17
1269515,Jaipur,Jaipur,26.9166667,75.8166667,P,PPLA,IN,,24,,2711758,,426,Asia/Calcutta,2007-02-17
1269633,Jabalpur,Jabalpur,23.1669748590236,79.9500632286072,P,PPL,IN,,15,,1030168,,403,Asia/Calcutta,2007-03-17
1269743,Indore,Indore,22.7166667,75.8333333,P,PPL,IN,,35,,1837041,,544,Asia/Calcutta,2007-02-17
1269843,Hyderābād,Hyderabad,17.3752778,78.4744444,P,PPLA,IN,,02,,3597816,,494,Asia/Calcutta,2007-02-17
1269920,Hubli,Hubli,15.35,75.1666667,P,PPL,IN,,19,,840214,,640,Asia/Calcutta,2006-01-17
1270396,Hāora,Haora,22.5891667,88.3102778,P,PPL,IN,,28,,1027672,,12,Asia/Calcutta,2007-02-17
1270583,Gwalior,Gwalior,26.2236111,78.1791667,P,PPL,IN,,35,,882458,,202,Asia/Calcutta,2006-01-17
1270668,Guntūr,Guntur,16.3,80.45,P,PPL,IN,,02,,530577,,33,Asia/Calcutta,2007-02-08
1270927,Gorakhpur,Gorakhpur,26.755,83.3738889,P,PPL,IN,,36,,674246,,70,Asia/Calcutta,2006-01-17
1271308,Ghāziābād,Ghaziabad,28.6666667,77.4333333,P,PPL,IN,,36,,1199191,,212,Asia/Calcutta,2006-05-01
1271476,Guwāhāti,Guwahati,26.1833333,91.7333333,P,PPL,IN,,03,,899094,,33,Asia/Calcutta,2007-02-17
1272175,Durgāpur,Durgapur,23.4833333,87.3166667,P,PPL,IN,,28,,518872,,65,Asia/Calcutta,2006-01-17
1273294,Delhi,Delhi,28.6666667,77.2166667,P,PPL,IN,,07,,10927986,,213,Asia/Calcutta,2007-03-23
1273313,Dehra Dūn,Dehra Dun,30.3166667,78.0333333,P,PPL,IN,,39,,522081,,652,Asia/Calcutta,2006-01-17
1273865,Coimbatore,Coimbatore,11.0,76.9666667,P,PPL,IN,,25,,959823,,380,Asia/Calcutta,2007-02-17
1273874,Cochin,Cochin,9.9666667,76.2333333,P,PPL,IN,,13,,604696,,-9999,Asia/Calcutta,2007-02-17
1274746,Chandīgarh,Chandigarh,30.7372222,76.7872222,P,PPLA,IN,,05,,914371,,326,Asia/Calcutta,2007-02-17
1275004,Calcutta,Calcutta,22.5697222,88.3697222,P,PPLA,IN,,28,,4631392,,16,Asia/Calcutta,2007-03-23
1275339,Bombay,Bombay,18.975,72.8258333,P,PPLA,IN,,16,,12691836,,28,Asia/Calcutta,2007-02-17
1275665,Bīkāner,Bikaner,28.0166667,73.3,P,PPL,IN,,24,,576015,,226,Asia/Calcutta,2007-02-18
1275817,Bhubaneshwar,Bhubaneshwar,20.2333333,85.8333333,P,PPLA,IN,,21,,762243,,27,Asia/Calcutta,2007-02-17
1275841,Bhopāl,Bhopal,23.2666667,77.4,P,PPLA,IN,,35,,1599914,,487,Asia/Calcutta,2007-02-17
1275901,Bhiwandi,Bhiwandi,19.3,73.0666667,P,PPL,IN,,16,,707035,,24,Asia/Calcutta,2006-11-07
1275971,Bhilai,Bhilai,21.2166667,81.4333333,P,PPL,IN,,37,,625138,,288,Asia/Calcutta,2006-11-07
1276032,Bhāvnagar,Bhavnagar,21.7666667,72.15,P,PPL,IN,,09,,554978,,25,Asia/Calcutta,2006-11-07
1277013,Bareilly,Bareilly,28.35,79.4166667,P,PPL,IN,,36,,745435,,166,Asia/Calcutta,2006-01-17
1277333,Bangalore,Bangalore,12.9766239819362,77.6001262664795,P,PPLA,IN,,19,,4931230,,914,Asia/Calcutta,2007-03-17
1278149,Aurangābād,Aurangabad,19.8833333,75.3333333,P,PPL,IN,,16,,1016441,,572,Asia/Calcutta,2007-02-17
1278314,Āsansol,Asansol,23.6833333,86.9833333,P,PPL,IN,,28,,504271,,96,Asia/Calcutta,2007-02-18
1278710,Amritsar,Amritsar,31.6330556,74.8655556,P,PPL,IN,,23,,1092450,,218,Asia/Calcutta,2007-02-17
1278718,Amrāvati,Amravati,20.9333333,77.75,P,PPL,IN,,16,,603837,,343,Asia/Calcutta,2006-01-17
1278994,Allahābād,Allahabad,25.45,81.85,P,PPL,IN,,36,,1073438,,72,Asia/Calcutta,2007-02-17
1279017,Alīgarh,Aligarh,27.8833333,78.0833333,P,PPL,IN,,36,,753207,,180,Asia/Calcutta,2007-02-18
1279159,Ajmer,Ajmer,26.45,74.6333333,P,PPL,IN,,24,,517911,,517,Asia/Calcutta,2007-02-18
1279233,Ahmadābād,Ahmadabad,23.0333333,72.6166667,P,PPL,IN,,09,,3719710,,66,Asia/Calcutta,2007-01-31
1279259,Āgra,Agra,27.1833333,78.0166667,P,PPL,IN,,36,,1430055,,171,Asia/Calcutta,2007-02-17
94787,Kirkuk,Kirkuk,35.4680556,44.3922222,P,PPL,IQ,,13,,601433,,354,Asia/Baghdad,2007-02-17
95446,Arbīl,Arbil,36.19,44.0088889,P,PPL,IQ,,11,,932800,,429,Asia/Baghdad,2007-02-17
98182,Baghdad,Baghdad,33.3386111,44.3938889,P,PPLC,IQ,,07,,5672513,,41,Asia/Baghdad,2007-02-17
98463,As Sulaymānīyah,As Sulaymaniyah,35.5616667,45.4408333,P,PPL,IQ,,05,,723170,,830,Asia/Baghdad,2007-02-17
99071,Al Mawşil al Jadīdah,Al Mawsil al Jadidah,36.3291667,43.0861111,P,PPLX,IQ,,15,,2065597,,283,Asia/Baghdad,2006-01-17
388349,Al Başrah al Qadīmah,Al Basrah al Qadimah,30.4955556,47.8175,P,PPLX,IQ,,02,,2015483,,6,Asia/Baghdad,2006-01-17
14256,Āzādshahr,Azadshahr,34.8,48.55,P,PPL,IR,,09,,514102,,1873,Asia/Tehran,2007-01-29
23814,Kahrīz,Kahriz,34.3877778,47.0580556,P,PPL,IR,,13,,766706,,1298,Asia/Tehran,2006-01-27
112931,Tehrān,Tehran,35.6719444,51.4244444,P,PPLC,IR,,26,,7153309,,1149,Asia/Tehran,2007-02-17
113646,Tabrīz,Tabriz,38.08,46.2919444,P,PPL,IR,,01,,1424641,,1395,Asia/Tehran,2006-08-21
115019,Shīrāz,Shiraz,29.615,52.5383333,P,PPL,IR,,07,,1249942,,1531,Asia/Tehran,2006-01-17
118743,Rasht,Rasht,37.2794444,49.5858333,P,PPL,IR,,08,,594590,,5,Asia/Tehran,2007-02-17
124665,Mashhad,Mashhad,36.2958333,59.6119444,P,PPL,IR,,30,,2307177,,1015,Asia/Tehran,2007-02-17
128234,Kermān,Kerman,30.2938889,57.0841667,P,PPL,IR,,29,,577514,,1764,Asia/Tehran,2007-02-17
128747,Karaj,Karaj,35.8287611261052,50.9982025623322,P,PPL,IR,,26,,1448075,,1360,Asia/Tehran,2007-01-28
143127,Arāk,Arak,34.0855556,49.6838889,P,PPL,IR,,24,,503647,,1724,Asia/Tehran,2007-02-17
418863,Eşfahān,Esfahan,32.6597222,51.6713889,P,PPL,IR,,28,,1547164,,1566,Asia/Tehran,2006-01-17
1159301,Zāhedān,Zahedan,29.4977778,60.8727778,P,PPL,IR,,04,,551980,,1350,Asia/Tehran,2006-01-17
2523920,Palermo,Palermo,38.1166667,13.3666667,P,PPLA,IT,,15,,672175,,12,Europe/Rome,2007-02-17
3165524,Turin,Turin,45.05,7.6666667,P,PPLA,IT,,12,,872881,,205,Europe/Rome,2007-02-17
3169070,Rome,Rome,41.9,12.4833333,P,PPLC,IT,,07,,2563241,,14,Europe/Rome,2007-03-30
3172394,Naples,Naples,40.8333333,14.25,P,PPLA,IT,,04,,988972,,-9999,Europe/Rome,2007-03-23
3173435,Milan,Milan,45.4612142654756,9.18783187866211,P,PPLA,IT,,09,MI,1306661,,108,Europe/Rome,2007-03-30
3176219,Genoa,Genoa,44.4166667,8.95,P,PPLA,IT,,08,,601951,,85,Europe/Rome,2007-02-17
3489297,New Kingston,New Kingston,18.0,-76.7833333,P,PPLX,JM,,08,,583958,,67,America/Jamaica,2006-01-17
3489854,Kingston,Kingston,18.0,-76.8,P,PPLC,JM,,00,,937700,,54,America/Jamaica,2006-11-05
250441,Amman,Amman,31.95,35.9333333,P,PPLC,JO,,11,,1275857,,765,Asia/Amman,2007-02-17
1848254,Yono,Yono,35.8833333,139.6333333,P,PPL,JP,,34,,1077730,,18,Asia/Tokyo,2006-01-17
1848354,Yokohama,Yokohama,35.45,139.65,P,PPLA,JP,,19,,3574443,,1,Asia/Tokyo,2007-02-17
1850147,Tokyo,Tokyo,35.685,139.7513889,P,PPLC,JP,,40,,8336599,,15,Asia/Tokyo,2007-03-30
1851717,Shizuoka,Shizuoka,34.9666667,138.3833333,P,PPLA,JP,,37,,701561,,22,Asia/Tokyo,2007-02-17
1853195,Sakai,Sakai,34.5833333,135.4666667,P,PPL,JP,,32,,782339,,4,Asia/Tokyo,2007-02-17
1853295,Sagamihara,Sagamihara,35.5530556,139.3544444,P,PPL,JP,,19,,648801,,86,Asia/Tokyo,2006-05-09
1853909,Ōsaka,Osaka,34.6666667,135.5,P,PPLA,JP,,32,,2592413,,5,Asia/Tokyo,2007-03-30
1854383,Okayama,Okayama,34.65,133.9166667,P,PPLA,JP,,31,,639652,,30,Asia/Tokyo,2007-01-23
1855431,Niigata,Niigata,37.9166667,139.05,P,PPLA,JP,,29,,505272,,1,Asia/Tokyo,2007-02-17
1856057,Nagoya,Nagoya,35.1666667,136.9166667,P,PPLA,JP,,01,,2191279,,15,Asia/Tokyo,2007-02-17
1857910,Kyōto,Kyoto,35.0,135.75,P,PPLA,JP,,22,,1459640,,74,Asia/Tokyo,2007-02-17
1858421,Kumamoto,Kumamoto,32.8,130.7166667,P,PPLA,JP,,21,,680423,,23,Asia/Tokyo,2007-02-17
1859171,Kōbe,Kobe,34.6833333,135.1666667,P,PPLA,JP,,13,,1528478,,29,Asia/Tokyo,2006-11-05
1859307,Kitakyūshū,Kitakyushu,33.8333333,130.8333333,P,PPL,JP,,07,,997536,,218,Asia/Tokyo,2007-02-17
1859642,Kawasaki,Kawasaki,35.5205556,139.7172222,P,PPL,JP,,19,,1306785,,5,Asia/Tokyo,2007-02-17
1860827,Kagoshima,Kagoshima,31.6,130.55,P,PPLA,JP,,18,,555352,,58,Asia/Tokyo,2007-02-17
1862415,Hiroshima,Hiroshima,34.4,132.45,P,PPLA,JP,,11,,1143841,,26,Asia/Tokyo,2007-02-17
1863289,Hamamatsu,Hamamatsu,34.7,137.7333333,P,PPL,JP,,37,,605098,,12,Asia/Tokyo,2007-02-17
1863440,Hachiōji,Hachioji,35.6558333,139.3238889,P,PPL,JP,,40,,579399,,130,Asia/Tokyo,2007-02-18
1863905,Funabashi,Funabashi,35.6930556,139.9833333,P,PPL,JP,,04,,560743,,7,Asia/Tokyo,2006-11-07
1863967,Fukuoka,Fukuoka,33.5833333,130.4,P,PPLA,JP,,07,,1392289,,10,Asia/Tokyo,2007-02-17
2111149,Sendai,Sendai,38.2547222,140.8847222,P,PPLA,JP,,24,,1037562,,55,Asia/Tokyo,2006-01-17
2113015,Chiba,Chiba,35.6,140.1166667,P,PPLA,JP,,04,,919729,,2,Asia/Tokyo,2007-02-17
2128295,Sapporo,Sapporo,43.0547222,141.3538889,P,PPLA,JP,,12,,1883027,,26,Asia/Tokyo,2007-04-04
184745,Nairobi,Nairobi,-1.2833333,36.8166667,P,PPLC,KE,,05,,2750547,,1724,Africa/Nairobi,2007-02-17
186301,Mombasa,Mombasa,-4.05,39.6666667,P,PPLA,KE,,02,,799668,,1,Africa/Nairobi,2007-02-17
1821306,Phnom Penh,Phnom Penh,11.55,104.9166667,P,PPLC,KH,,11,,1573544,,16,Asia/Phnom_Penh,2007-02-17
1871859,Pyongyang,Pyongyang,39.0194444,125.7547222,P,PPLC,KP,,12,,3222000,,13,Asia/Pyongyang,2007-02-17
1877449,Hamhŭng,Hamhung,39.9183333,127.5363889,P,PPLA,KP,,03,,559056,,11,Asia/Pyongyang,2007-02-17
1833747,Ulsan,Ulsan,35.5372222,129.3166667,P,PPLA,KR,,21,,962865,,6,Asia/Seoul,2006-11-05
1835235,Taejŏn,Taejon,36.3213889,127.4197222,P,PPLA,KR,,19,,1475221,,55,Asia/Seoul,2007-02-17
1835329,Taegu,Taegu,35.8702778,128.5911111,P,PPLA,KR,,15,,2566540,,41,Asia/Seoul,2006-11-05
1835553,Suwŏn,Suwon,37.2841667,127.0191667,P,PPLA,KR,,13,,1242724,,61,Asia/Seoul,2007-02-17
1835848,Seoul,Seoul,37.5663889,126.9997222,P,PPLC,KR,,11,,10349312,,46,Asia/Seoul,2007-03-30
1838524,Pusan,Pusan,35.1027778,129.0402778,P,PPLA,KR,,10,,3678555,,7,Asia/Seoul,2007-02-17
1841811,Kwangju,Kwangju,35.1547222,126.9155556,P,PPLA,KR,,18,,1416938,,31,Asia/Seoul,2006-11-05
1845457,Chŏnju,Chonju,35.8219444,127.1488889,P,PPLA,KR,,03,,711424,,29,Asia/Seoul,2006-11-05
1845604,Ch'ŏngju,Ch'ongju,36.6372222,127.4897222,P,PPLA,KR,,05,,634596,,35,Asia/Seoul,2007-02-17
1846898,Anyang,Anyang,37.3925,126.9269444,P,PPL,KR,,13,,634367,,32,Asia/Seoul,2007-02-18
1846918,Ansan,Ansan,37.3236111,126.8219444,P,PPL,KR,,13,,650728,,8,Asia/Seoul,2007-02-17
1897000,Sŏngnam,Songnam,37.4386111,127.1377778,P,PPL,KR,,13,,1031935,,50,Asia/Seoul,2006-01-17
1539963,Spetsgorodok,Spetsgorodok,43.34,76.8852778,P,PPL,KZ,,01,,1204762,,696,Asia/Almaty,2006-01-17
268743,Ra's Bayrūt,Ra's Bayrut,33.9,35.4833333,P,PPLX,LB,,04,,1251739,,83,Asia/Beirut,2006-01-17
276781,Beirut,Beirut,33.8719444,35.5097222,P,PPLC,LB,,04,,1916100,,56,Asia/Beirut,2007-01-25
1248991,Colombo,Colombo,6.9319444,79.8477778,P,PPLC,LK,,36,,648034,,1,Asia/Colombo,2007-02-17
2274895,Monrovia,Monrovia,6.3105556,-10.8047222,P,PPLC,LR,,14,,939524,,30,Africa/Monrovia,2007-02-17
593116,Vilnius,Vilnius,54.6833333,25.3166667,P,PPLC,LT,,65,,542366,,125,Europe/Vilnius,2007-03-16
456172,Rīga,Riga,56.95,24.1,P,PPLC,LV,,25,,742572,,9,Europe/Riga,2007-03-16
88319,Banghāzī,Banghazi,32.1166667,20.0666667,P,PPL,LY,,54,,650629,,15,Africa/Tripoli,2007-02-17
2210247,Tripoli,Tripoli,32.8925,13.18,P,PPLC,LY,,61,,1150989,,1,Africa/Tripoli,2006-08-21
2530335,Tangier,Tangier,35.78,-5.81,P,PPL,MA,,57,,688356,,80,Africa/Casablanca,2007-02-17
2538475,Rabat,Rabat,34.02,-6.83,P,PPLC,MA,,49,,1655753,,54,Africa/Casablanca,2007-02-17
2542715,Meknès,Meknes,33.9,-5.55,P,PPL,MA,,48,,545705,,548,Africa/Casablanca,2007-02-17
2542997,Marrakech,Marrakech,31.63,-8.0,P,PPL,MA,,47,,839296,,451,Africa/Casablanca,2007-02-17
2548885,Fès,Fes,34.05,-4.98,P,PPL,MA,,46,,964891,,448,Africa/Casablanca,2007-02-17
2553604,Casablanca,Casablanca,33.59,-7.61,P,PPL,MA,,45,,3144909,,17,Africa/Casablanca,2007-02-17
2561668,Agadir,Agadir,30.4,-9.6,P,PPL,MA,,55,,698310,,31,Africa/Casablanca,2006-11-05
618426,Chişinău,Chisinau,47.0055556,28.8575,P,PPLC,MD,,57,,635994,,52,Europe/Chisinau,2007-02-17
1070940,Antananarivo,Antananarivo,-18.9166667,47.5166667,P,PPLC,MG,,05,,1391433,,1289,Indian/Antananarivo,2007-02-17
2460596,Bamako,Bamako,12.65,-8.0,P,PPLC,ML,,01,,1297281,,350,Africa/Bamako,2007-02-17
1298824,Rangoon,Rangoon,16.8052778,96.1561111,P,PPLC,MM,,17,,4477638,,13,Asia/Rangoon,2007-02-17
1311874,Mandalay,Mandalay,22.0,96.0833333,P,PPLA,MM,,08,,1208099,,75,Asia/Rangoon,2007-02-17
2028462,Ulaanbaatar,Ulaanbaatar,47.9166667,106.9166667,P,PPLC,MN,,20,,844818,,1299,Asia/Ulaanbaatar,2007-03-29
2377450,Nouakchott,Nouakchott,18.1194444,-16.0405556,P,PPLC,MR,,06,,661400,,-9999,Africa/Nouakchott,2007-02-17
927967,Lilongwe,Lilongwe,-13.9833333,33.7833333,P,PPLC,MW,,11,,646750,,1025,Africa/Blantyre,2007-02-17
931755,Blantyre,Blantyre,-15.7833333,35.0,P,PPLA,MW,,24,,584877,,1069,Africa/Blantyre,2007-02-17
3514783,Veracruz,Veracruz,19.2,-96.1333333,P,PPL,MX,,30,,568313,,1,America/Mexico_City,2007-02-16
3515302,Toluca,Toluca,19.2883333,-99.6672222,P,PPL,MX,,15,,505881,,2686,America/Mexico_City,2006-11-05
3515431,Tlalnepantla,Tlalnepantla,19.5269444,-99.2216667,P,PPL,MX,,15,,715767,,2277,America/Mexico_City,2006-01-17
3521081,Puebla de Zaragoza,Puebla de Zaragoza,19.05,-98.2,P,PPL,MX,,21,,1392099,,2175,America/Mexico_City,2007-02-17
3522790,Naucalpan de Juárez,Naucalpan de Juarez,19.4785078914381,-99.2396306991577,P,PPL,MX,,15,,846185,,2290,America/Mexico_City,2007-01-08
3523349,Mérida,Merida,20.9666667,-89.6166667,P,PPL,MX,,31,,717175,,10,America/Merida,2006-11-05
3529612,Ecatepec,Ecatepec,19.6011111,-99.0525,P,PPL,MX,,15,,1806226,,2259,America/Mexico_City,2006-11-07
3530589,Ciudad Nezahualcóyotl,Ciudad Nezahualcoyotl,19.4136111,-99.0330556,P,PPL,MX,,15,,1232220,,2214,America/Mexico_City,2007-01-13
3530597,Mexico,Mexico,19.4341667,-99.1386111,P,PPLC,MX,,09,,11285654,,2216,America/Mexico_City,2007-02-17
3531673,Cancún,Cancun,21.1742875657158,-86.846559047699,P,PPL,MX,,23,,542043,,5,America/Cancun,2007-02-06
3532624,Ciudad López Mateos,Ciudad Lopez Mateos,19.5583333,-99.2613889,P,PPL,MX,,15,,521034,,2326,America/Mexico_City,2006-01-17
3533462,Acapulco de Juárez,Acapulco de Juarez,16.85,-99.9166667,P,PPL,MX,,12,,652136,,-9999,America/Mexico_City,2007-02-17
3979770,Zapopan,Zapopan,20.7166667,-103.4,P,PPL,MX,,14,,987516,,1571,America/Mazatlan,2007-02-18
3981254,Torreón,Torreon,25.55,-103.4333333,P,PPL,MX,,07,,524066,,1129,America/Monterrey,2006-11-05
3981609,Tijuana,Tijuana,32.5333333,-117.0166667,P,PPL,MX,,02,,1376457,,32,America/Tijuana,2007-02-17
3985241,San Nicolás de los Garzas,San Nicolas de los Garzas,25.75,-100.3,P,PPL,MX,,19,,507816,,501,America/Monterrey,2006-11-07
3985606,San Luis Potosí,San Luis Potosi,22.15,-100.9833333,P,PPL,MX,,24,,677704,,1893,America/Monterrey,2007-02-18
3988086,Saltillo,Saltillo,25.4166667,-101.0,P,PPL,MX,,07,,621250,,1596,America/Monterrey,2007-02-17
3991164,Querétaro,Queretaro,20.6,-100.3833333,P,PPL,MX,,22,,611785,,1868,America/Mexico_City,2006-01-17
3995402,Morelia,Morelia,19.7,-101.1166667,P,PPL,MX,,16,,592797,,2080,America/Mexico_City,2007-02-17
3995465,Monterrey,Monterrey,25.6666667,-100.3166667,P,PPL,MX,,19,,1122874,,563,America/Monterrey,2007-02-17
3996069,Mexicali,Mexicali,32.6519444,-115.4683333,P,PPL,MX,,02,,597099,,2,America/Tijuana,2007-02-17
3998655,León,Leon,21.1166667,-101.6666667,P,PPL,MX,,11,,1114626,,1801,America/Mexico_City,2007-02-17
4004898,Hermosillo,Hermosillo,29.0666667,-110.9666667,P,PPL,MX,,26,,595811,,195,America/Hermosillo,2007-02-17
4005492,Guadalupe,Guadalupe,25.6833333,-100.25,P,PPL,MX,,19,,724921,,488,America/Monterrey,2006-11-07
4005539,Guadalajara,Guadalajara,20.6666667,-103.3333333,P,PPL,MX,,14,,1640589,,1545,America/Mazatlan,2007-02-17
4012176,Culiacán,Culiacan,24.7994444,-107.3897222,P,PPL,MX,,25,,582469,,71,America/Mazatlan,2007-02-17
4014338,Chihuahua,Chihuahua,28.6333333,-106.0833333,P,PPL,MX,,06,,708267,,1434,America/Chihuahua,2007-02-17
4019233,Aguascalientes,Aguascalientes,21.8833333,-102.3,P,PPL,MX,,01,,658179,,1879,America/Mazatlan,2006-07-13
1732752,Johor Bahru,Johor Bahru,1.4666667,103.75,P,PPLA,MY,,01,,802489,,5,Asia/Kuala_Lumpur,2007-02-17
1732905,Klang,Klang,3.0333333,101.45,P,PPLA,MY,,12,,879867,,6,Asia/Kuala_Lumpur,2007-01-01
1734634,Ipoh,Ipoh,4.5833333,101.0833333,P,PPLA,MY,,07,,673318,,47,Asia/Kuala_Lumpur,2007-02-17
1735158,Petaling Jaya,Petaling Jaya,3.0833333,101.65,P,PPL,MY,,00,,520698,,63,Asia/Kuala_Lumpur,2006-11-07
1735161,Kuala Lumpur,Kuala Lumpur,3.1666667,101.7,P,PPLC,MY,,14,,1453975,,62,Asia/Kuala_Lumpur,2007-02-17
1735634,Kuching,Kuching,1.55,110.3333333,P,PPLA,MY,,11,,570407,,5,Asia/Kuching,2007-02-17
1771023,Kampung Baru Subang,Kampung Baru Subang,3.15,101.5333333,P,PPL,MY,,00,,833571,,80,Asia/Kuala_Lumpur,2007-01-31
1039854,Matola,Matola,-25.9622222,32.4588889,P,PPL,MZ,,04,,543907,,4,Africa/Maputo,2006-11-07
1040652,Maputo,Maputo,-25.9652778,32.5891667,P,PPLC,MZ,,04,,1191613,,47,Africa/Maputo,2007-02-17
1052373,Beira,Beira,-19.8436111,34.8388889,P,PPLA,MZ,,05,,530604,,14,Africa/Maputo,2007-03-15
2440485,Niamey,Niamey,13.5166667,2.1166667,P,PPLC,NE,,08,,774235,,203,Africa/Niamey,2007-02-17
2317765,Zaria,Zaria,11.0666667,7.7,P,PPL,NG,,00,,975153,,675,Africa/Lagos,2006-07-13
2319133,Warri,Warri,5.5166667,5.75,P,PPL,NG,,00,,536023,,21,Africa/Lagos,2006-11-07
2322911,Sokoto,Sokoto,13.0513889,5.2313889,P,PPLA,NG,,51,,563861,,279,Africa/Lagos,2006-11-07
2324774,Port Harcourt,Port Harcourt,4.7891667,6.9986111,P,PPLA,NG,,50,,1148665,,459,Africa/Lagos,2007-02-17
2325200,Oyo,Oyo,7.85,3.9333333,P,PPL,NG,,00,,736072,,287,Africa/Lagos,2006-11-07
2326016,Onitsha,Onitsha,6.1666667,6.7833333,P,PPL,NG,,00,,561066,,59,Africa/Lagos,2006-05-01
2331447,Maiduguri,Maiduguri,11.845,13.16,P,PPLA,NG,,27,,1112449,,300,Africa/Lagos,2007-02-17
2335204,Kano,Kano,11.9963889,8.5166667,P,PPLA,NG,,29,,3626068,,477,Africa/Lagos,2007-02-17
2335727,Kaduna,Kaduna,10.5230556,7.4402778,P,PPLA,NG,,23,,1582102,,614,Africa/Lagos,2007-02-18
2335953,Jos,Jos,9.9166667,8.9,P,PPLA,NG,,49,,816824,,1208,Africa/Lagos,2006-01-17
2337639,Ilorin,Ilorin,8.5,4.55,P,PPLA,NG,,30,,814192,,290,Africa/Lagos,2006-05-01
2339354,Ibadan,Ibadan,7.3877778,3.8963889,P,PPLA,NG,,32,,3565108,,239,Africa/Lagos,2007-02-17
2347283,Benin-City,Benin-City,6.3333333,5.6333333,P,PPLA,NG,,37,,1125058,,79,Africa/Lagos,2007-02-18
2352778,Abuja,Abuja,9.0833333,7.5333333,P,PPLC,NG,,11,,590400,,705,Africa/Lagos,2007-02-17
2352947,Abeokuta,Abeokuta,7.15,3.35,P,PPLA,NG,,16,,593100,,67,Africa/Lagos,2006-11-05
2353151,Aba,Aba,5.1166667,7.3666667,P,PPL,NG,,00,,897560,,205,Africa/Lagos,2007-02-17
2566586,Ogoyo,Ogoyo,6.435,3.4877778,P,PPL,NG,,05,,8789120,,36,Africa/Lagos,2006-01-17
3617763,Managua,Managua,12.1508333,-86.2683333,P,PPLC,NI,,10,,973087,,59,America/Managua,2007-02-17
2747891,vlaardingen,vlaardingen,51.9166667,4.5,P,PPL,NL,,11,,598199,,-4,Europe/Amsterdam,2007-02-17
2759794,Amsterdam,Amsterdam,52.35,4.9166667,P,PPLC,NL,,07,,741636,,-2,Europe/Amsterdam,2007-02-17
3143244,Oslo,Oslo,59.9166667,10.75,P,PPLC,NO,,12,,811688,,19,Europe/Oslo,2007-02-17
1283240,Kathmandu,Kathmandu,27.7166667,85.3166667,P,PPLC,NP,,00,,790597,,1304,Asia/Katmandu,2007-02-17
287286,Muscat,Muscat,23.6133333,58.5933333,P,PPLC,OM,,06,,797000,,69,Asia/Muscat,2007-02-17
3691175,lima,lima,-8.1159942774572,-79.0299797058105,P,PPLA,PE,,13,,747450,,36,America/Lima,2007-03-19
3698350,Chiclayo,Chiclayo,-6.7736111,-79.8416667,P,PPLA,PE,,14,,577375,,1,America/Lima,2007-02-17
3936456,Lima,Lima,-12.05,-77.05,P,PPLC,PE,,15,,7737002,,108,America/Lima,2007-02-17
3947322,Arequipa,Arequipa,-16.3988889,-71.535,P,PPLA,PE,,04,,841130,,2397,America/Lima,2007-02-17
1701668,Manila,Manila,14.6041667,120.9822222,P,PPLC,PH,,D9,,10444527,,4,Asia/Manila,2007-02-17
1715348,Davao,Davao,7.0730556,125.6127778,P,PPL,PH,,C3,,1212504,,3,Asia/Manila,2006-01-17
1717512,Cebu City,Cebu City,10.3111111,123.8916667,P,PPL,PH,,B7,,798634,,27,Asia/Manila,2006-01-17
1730501,Antipolo,Antipolo,14.5863889,121.1752778,P,PPL,PH,,53,,549543,,200,Asia/Manila,2006-01-17
1166000,Sargodha,Sargodha,32.0836111,72.6711111,P,PPL,PK,,04,,542603,,193,Asia/Karachi,2006-05-01
1166993,Rāwalpindi,Rawalpindi,33.6,73.0666667,P,PPL,PK,,04,,1743101,,484,Asia/Karachi,2007-02-17
1167528,Quetta,Quetta,30.1872222,67.0125,P,PPL,PK,,02,,733675,,1671,Asia/Karachi,2006-11-05
1168197,Peshāwar,Peshawar,34.0077778,71.5733333,P,PPL,PK,,03,,1218773,,315,Asia/Karachi,2007-02-17
1169825,Multān,Multan,30.1955556,71.4752778,P,PPL,PK,,04,,1437230,,125,Asia/Karachi,2007-02-17
1172451,Lahore,Lahore,31.5497222,74.3436111,P,PPL,PK,,04,,6310888,,210,Asia/Karachi,2007-02-17
1174872,Karāchi,Karachi,24.8666667,67.05,P,PPL,PK,,05,,11624219,,14,Asia/Karachi,2007-02-17
1176615,Islamabad,Islamabad,33.6100445736956,73.05908203125,P,PPLC,PK,,08,,601600,,497,Asia/Karachi,2006-07-28
1176734,Hyderābād,Hyderabad,25.3666667,68.3666667,P,PPL,PK,,05,,1386330,,13,Asia/Karachi,2006-11-05
1177662,Gujrānwāla,Gujranwala,32.15,74.1833333,P,PPL,PK,,04,,1384471,,223,Asia/Karachi,2007-02-18
1179400,Faisalābād,Faisalabad,31.4166667,73.0833333,P,PPL,PK,,04,,2506595,,175,Asia/Karachi,2007-02-17
1183880,Bahāwalpur,Bahawalpur,29.4,71.6833333,P,PPL,PK,,04,,552607,,116,Asia/Karachi,2006-01-17
756135,Warsaw,Warsaw,52.25,21.0,P,PPLC,PL,,67,,1651676,,94,Europe/Warsaw,2007-02-17
3081368,Wrocław,Wroclaw,51.1,17.0333333,P,PPLA,PL,,72,,634893,,118,Europe/Warsaw,2007-02-17
3088171,Poznań,Poznan,52.4166667,16.9666667,P,PPLA,PL,,86,,570352,,50,Europe/Warsaw,2006-01-17
3093133,Łódź,Lodz,51.75,19.4666667,P,PPLA,PL,,74,,768755,,198,Europe/Warsaw,2007-02-17
3094802,Kraków,Krakow,50.0833333,19.9166667,P,PPLA,PL,,77,,755050,,233,Europe/Warsaw,2007-02-17
2267057,Lisbon,Lisbon,38.7166667,-9.1333333,P,PPLC,PT,,14,,517802,,56,Europe/Lisbon,2007-02-17
3439389,Asunción,Asuncion,-25.2666667,-57.6666667,P,PPLC,PY,,06,,1482200,,55,America/Asuncion,2007-02-17
683506,Bucharest,Bucharest,44.4333333,26.1,P,PPLC,RO,,10,,1877155,,71,Europe/Bucharest,2007-03-30
792680,Belgrade,Belgrade,44.8186111,20.4680556,P,PPLC,RS,,00,,1273651,,90,Europe/Belgrade,2007-03-16
468902,Yaroslavl',Yaroslavl',57.6166667,39.8666667,P,PPLA,RU,,88,,606730,,98,Europe/Moscow,2006-08-09
479123,Ul'yanovsk,Ul'yanovsk,54.3333333,48.4,P,PPLA,RU,,81,,640680,,135,Europe/Samara,2006-08-09
479561,Ufa,Ufa,54.775,56.0375,P,PPLA,RU,,08,,1033338,,102,Asia/Yekaterinburg,2007-02-17
482283,Tol'yatti,Tol'yatti,53.5233333,49.4125,P,PPL,RU,,65,,702879,42,118,Europe/Samara,2007-02-17
498677,Saratov,Saratov,51.5666667,46.0333333,P,PPLA,RU,,67,,863725,,145,Europe/Samara,2007-02-17
498817,Saint Petersburg,Saint Petersburg,59.8944444,30.2641667,P,PPLA,RU,,66,,4039745,,5,Europe/Moscow,2007-03-15
499099,Samara,Samara,53.2,50.15,P,PPLA,RU,,65,,1134730,,128,Europe/Samara,2007-02-28
500096,Ryazan',Ryazan',54.6197222,39.74,P,PPLA,RU,,62,,520173,,139,Europe/Moscow,2007-02-17
501175,Rostov-na-Donu,Rostov-na-Donu,47.2363889,39.7138889,P,PPLA,RU,,61,,1074482,,86,Europe/Moscow,2007-02-17
511196,Perm',Perm',58.0,56.25,P,PPLA,RU,,58,,982419,,153,Asia/Yekaterinburg,2006-08-09
511565,Penza,Penza,53.1958333,45.0,P,PPLA,RU,,57,,512602,,164,Europe/Samara,2006-11-05
515003,Orenburg,Orenburg,51.7847222,55.0986111,P,PPLA,RU,,55,,550204,,107,Europe/Samara,2007-02-17
520555,Nizhniy Novgorod,Nizhniy Novgorod,56.3279357156067,44.0018320083618,P,PPLA,RU,,51,,1284164,,135,Europe/Moscow,2006-08-09
524901,Москва,Moskva,55.7522222,37.6155556,P,PPLC,RU,,48,,10381222,,151,Europe/Moscow,2007-03-30
535121,Lipetsk,Lipetsk,52.6186111,39.5688889,P,PPLA,RU,,43,,515655,,178,Europe/Moscow,2006-11-05
542420,Krasnodar,Krasnodar,45.0327778,38.9769444,P,PPLA,RU,,38,,649851,,36,Europe/Moscow,2007-02-17
551487,Kazan',Kazan',55.75,49.1333333,P,PPLA,RU,,73,,1104738,,66,Europe/Samara,2006-08-09
554840,Izhevsk,Izhevsk,56.85,53.2333333,P,PPLA,RU,,80,,631038,,133,Asia/Yekaterinburg,2007-02-17
580497,Astrakhan’,Astrakhan’,46.34,48.04,P,PPLA,RU,,07,,502533,,-13,Europe/Samara,2007-03-19
1486209,Yekaterinburg,Yekaterinburg,56.8575,60.6125,P,PPLA,RU,,71,,1287573,,278,Asia/Yekaterinburg,2007-02-17
1488754,Tyumen',Tyumen',57.1522222,65.5272222,P,PPLA,RU,,78,,519119,,80,Asia/Yekaterinburg,2006-08-09
1496153,Omsk,Omsk,55.0,73.4,P,PPLA,RU,,54,,1129281,,81,Asia/Omsk,2007-02-17
1496747,Novosibirsk,Novosibirsk,55.0411111,82.9344444,P,PPLA,RU,,53,,1419007,,145,Asia/Novosibirsk,2007-02-17
1496990,Novokuznetsk,Novokuznetsk,53.75,87.1,P,PPL,RU,,29,,539616,,250,Asia/Novosibirsk,2007-02-17
1508291,Chelyabinsk,Chelyabinsk,55.1544444,61.4297222,P,PPLA,RU,,13,,1062919,,237,Asia/Yekaterinburg,2007-02-17
1510853,Barnaul,Barnaul,53.36,83.76,P,PPLA,RU,,04,,599579,,190,Asia/Novosibirsk,2007-03-19
2013348,Vladivostok,Vladivostok,43.1056202305923,131.873531341553,P,PPLA,RU,,59,,587022,,5,Asia/Vladivostok,2007-02-17
2023469,Irkutsk,Irkutsk,52.2977778,104.2963889,P,PPLA,RU,,20,,586695,,426,Asia/Irkutsk,2007-02-17
2056752,Khabarovsk Vtoroy,Khabarovsk Vtoroy,48.4430556,135.1355556,P,PPLX,RU,,30,,578303,,49,Asia/Sakhalin,2006-01-17
202061,Kigali,Kigali,-1.9536111,30.0605556,P,PPLC,RW,,09,,745261,,1568,Africa/Kigali,2007-02-17
101760,Sulţānah,Sultanah,24.5,39.5833333,P,PPL,SA,,05,,946697,,622,Asia/Riyadh,2006-01-17
104515,Mecca,Mecca,21.4266667,39.8261111,P,PPL,SA,,14,,1323624,,307,Asia/Riyadh,2007-02-17
105343,Jiddah,Jiddah,21.5169444,39.2191667,P,PPL,SA,,14,,2867446,,34,Asia/Riyadh,2007-02-17
107968,Aţ Ţā'if,At Ta'if,21.2702778,40.4158333,P,PPL,SA,,14,,530848,,1721,Asia/Riyadh,2007-02-18
108410,Riyadh,Riyadh,24.6408333,46.7727778,P,PPLC,SA,,10,,4205961,,618,Asia/Riyadh,2007-02-17
110336,Ad Dammām,Ad Dammam,26.4258333,50.1141667,P,PPL,SA,,06,,768602,,5,Asia/Riyadh,2006-11-05
379252,Khartoum,Khartoum,15.5880556,32.5341667,P,PPLC,SD,,29,,1974647,,378,Africa/Khartoum,2007-02-17
2673730,Stockholm,Stockholm,59.3294681359869,18.0626392364502,P,PPLC,SE,,26,,1253309,,20,Europe/Stockholm,2007-03-30
2711537,Göteborg,Goteborg,57.7166667,11.9666667,P,PPLA,SE,,28,,515252,,2,Europe/Stockholm,2007-02-01
1880252,Singapore,Singapore,1.2930556,103.8558333,P,PPLC,SG,,00,,3547809,,1,Asia/Singapore,2006-07-28
2409306,Freetown,Freetown,8.49,-13.2341667,P,PPLC,SL,,04,,802639,,21,Africa/Freetown,2007-02-17
2251339,Grand Dakar,Grand Dakar,14.7088889,-17.4552778,P,PPL,SN,,01,,2352057,,33,Africa/Dakar,2006-01-17
2253354,Dakar,Dakar,14.7366667,-17.6338889,P,PPLC,SN,,01,,2476400,,-9999,Africa/Dakar,2006-07-28
53654,Mogadishu,Mogadishu,2.0666667,45.3666667,P,PPLC,SO,,02,,2587183,,58,Africa/Mogadishu,2007-02-17
3583361,San Salvador,San Salvador,13.7086111,-89.2030556,P,PPLC,SV,,10,,525990,,699,America/El_Salvador,2007-02-17
169577,Ḩimş,Hims,34.7333333,36.7166667,P,PPL,SY,,11,,775404,,510,Asia/Damascus,2007-02-17
170063,Aleppo,Aleppo,36.2027778,37.1586111,P,PPL,SY,,09,,1602264,,380,Asia/Damascus,2007-02-17
170654,Damascus,Damascus,33.5,36.3,P,PPLC,SY,,13,,1569394,,692,Asia/Damascus,2007-02-17
2427123,N'Djamena,N'Djamena,12.1130556,15.0491667,P,PPLC,TD,,04,,721081,,290,Africa/Ndjamena,2007-02-17
2365267,Lomé,Lome,6.1319444,1.2227778,P,PPLC,TG,,24,,749700,,64,Africa/Lome,2007-02-17
1594629,Krung Thep,Krung Thep,13.75,100.5166667,P,PPLC,TH,,40,,8538610,,2,Asia/Bangkok,2006-07-28
1609350,Bangkok,Bangkok,13.75,100.5166667,P,PPLC,TH,,00,,5104476,,2,Asia/Bangkok,2007-04-04
1221874,Dushanbe,Dushanbe,38.56,68.7738889,P,PPLC,TJ,,00,,543107,,808,Asia/Dushanbe,2007-02-17
162183,Ashgabat,Ashgabat,37.95,58.3833333,P,PPLC,TM,,01,,727700,,219,Asia/Ashgabat,2007-02-17
2464470,Tunis,Tunis,36.8027778,10.1797222,P,PPLC,TN,,26,,693210,,13,Africa/Tunis,2007-02-17
306571,Konya,Konya,37.8655556,32.4825,P,PPLA,TR,,71,,875530,,1031,Europe/Istanbul,2007-02-17
308464,Kayseri,Kayseri,38.7322222,35.4852778,P,PPL,TR,,38,,592840,,1055,Europe/Istanbul,2007-02-17
311046,İzmir,Izmir,38.4072222,27.1502778,P,PPLA,TR,,35,,2500603,,132,Europe/Istanbul,2007-03-30
314830,Gaziantep,Gaziantep,37.0594444,37.3825,P,PPL,TR,,83,,1065975,,859,Europe/Istanbul,2007-02-17
315202,Eskişehir,Eskisehir,39.7766667,30.5205556,P,PPL,TR,,26,,514869,,799,Europe/Istanbul,2007-02-17
316541,Diyarbakır,Diyarbakir,37.9188889,40.2105556,P,PPLA,TR,,21,,644763,,676,Europe/Istanbul,2007-02-17
323777,Antalya,Antalya,36.9125,30.6897222,P,PPLA,TR,,07,,758188,,115,Europe/Istanbul,2007-02-17
323786,Ankara,Ankara,39.9272222,32.8644444,P,PPLC,TR,,68,,3517182,,889,Europe/Istanbul,2007-02-17
325363,Adana,Adana,37.0016667,35.3288889,P,PPLA,TR,,81,,1248988,,27,Europe/Istanbul,2007-02-17
745044,Istanbul,Istanbul,41.0186111,28.9647222,P,PPL,TR,,34,,10034830,,1,Europe/Istanbul,2007-04-02
750269,Bursa,Bursa,40.1916667,29.0611111,P,PPL,TR,,16,,1412701,,155,Europe/Istanbul,2007-02-17
1668341,Taipei,Taipei,25.0391667,121.525,P,PPLC,TW,,03,,7871900,,10,Asia/Taipei,2007-02-17
160263,Dar es Salaam,Dar es Salaam,-6.8,39.2833333,P,PPLC,TZ,,23,,2698652,,-9999,Africa/Dar_es_Salaam,2007-02-17
687700,Zaporizhzhya,Zaporizhzhya,47.8166667,35.1833333,P,PPLA,UA,,26,,796217,,97,Europe/Zaporozhye,2006-01-17
698740,Odesa,Odesa,46.4666667,30.7333333,P,PPLA,UA,,17,,1001558,,41,Europe/Zaporozhye,2007-02-17
700569,Mykolayiv,Mykolayiv,46.9666667,32.0,P,PPLA,UA,,16,,510840,,46,Europe/Zaporozhye,2006-01-17
702550,L'viv,L'viv,49.8333333,24.0,P,PPLA,UA,,15,,717803,,297,Europe/Uzhgorod,2007-02-17
703448,Київ,Kiїv,50.4333333,30.5166667,P,PPLC,UA,,00,,2514227,,169,Europe/Kiev,2007-03-16
703845,Kryvyy Rih,Kryvyy Rih,47.9166667,33.35,P,PPL,UA,,04,,652380,,81,Europe/Zaporozhye,2006-01-17
706483,Kharkiv,Kharkiv,50.0,36.25,P,PPLA,UA,,07,,1430885,,114,Europe/Zaporozhye,2007-02-17
709930,Dnipropetrovs'k,Dnipropetrovs'k,48.45,34.9833333,P,PPLA,UA,,04,,1032822,,146,Europe/Zaporozhye,2006-08-09
232422,Kampala,Kampala,0.3155556,32.5655556,P,PPLC,UG,,37,,1353189,,1206,Africa/Kampala,2007-02-17
4140963,Washington,Washington,38.8951118,-77.0363658,P,PPL,US,,DC,001,552433,7,11,America/New_York,2007-03-30
4160021,Jacksonville,Jacksonville,30.3321838,-81.655651,P,PPL,US,,FL,031,797557,5,7,America/Kentucky/Monticello,2007-02-17
4259418,Indianapolis,Indianapolis,39.7683765,-86.1580423,P,PPL,US,,IN,097,773283,218,222,America/Indiana/Indianapolis,2007-02-17
4347778,Baltimore,Baltimore,39.2903848,-76.6121893,P,PPL,US,,MD,510,610892,10,2,America/New_York,2007-02-17
4460243,Charlotte,Charlotte,35.2270869,-80.8431268,P,PPL,US,,NC,119,598351,229,229,America/Kentucky/Monticello,2007-02-17
4509177,Columbus,Columbus,39.9611755,-82.9987942,P,PPL,US,,OH,049,736836,235,237,America/Detroit,2007-02-17
4544349,Oklahoma City,Oklahoma City,35.4675602,-97.5164276,P,PPL,US,,OK,109,532950,366,364,America/Denver,2007-02-17
4560349,Philadelphia,Philadelphia,39.952335,-75.163789,P,PPL,US,,PA,101,1517550,12,8,America/New_York,2007-02-17
4641239,Memphis,Memphis,35.1495343,-90.0489801,P,PPL,US,,TN,157,650100,78,75,America/Indiana/Vincennes,2007-02-17
4644585,Nashville,Nashville,36.1658899,-86.7844432,P,PPL,US,,TN,037,530852,170,151,America/Indiana/Vincennes,2007-02-17
4645421,New South Memphis,New South Memphis,35.0867579,-90.0567584,P,PPL,US,,TN,157,641608,79,74,America/Indiana/Vincennes,2006-01-17
4671654,Austin,Austin,30.267153,-97.7430608,P,PPL,US,,TX,453,678368,149,163,America/Denver,2007-02-17
4684888,Dallas,Dallas,32.7830556,-96.8066667,P,PPL,US,,TX,113,1211704,128,137,America/Denver,2007-02-17
4691930,Fort Worth,Fort Worth,32.725409,-97.3208496,P,PPL,US,,TX,439,618119,199,199,America/Denver,2007-02-17
4699066,Houston,Houston,29.7632836,-95.3632715,P,PPL,US,,TX,201,2027712,12,15,America/Indiana/Vincennes,2007-02-17
4726206,San Antonio,San Antonio,29.4241219,-98.4936282,P,PPL,US,,TX,029,1256810,198,196,America/Shiprock,2007-02-17
4887398,Chicago,Chicago,41.850033,-87.6500523,P,PPL,US,,IL,031,2841952,179,181,America/Chicago,2007-03-30
4930956,Boston,Boston,42.3584308,-71.0597732,P,PPLA,US,,MA,025,589141,13,11,America/New_York,2007-02-17
4951305,South Boston,South Boston,42.3334312,-71.0494949,P,PPL,US,,MA,025,571281,15,10,America/New_York,2006-01-17
4990729,Detroit,Detroit,42.331427,-83.0457538,P,PPL,US,,MI,163,951270,183,181,America/Detroit,2007-03-30
5115985,East New York,East New York,40.6667702,-73.8823583,P,PPLX,US,,NY,047,8107916,6,8,America/New_York,2006-08-15
5128581,New York,New York,40.7142691,-74.0059729,P,PPL,US,,NY,005,8008278,10,2,America/New_York,2007-03-30
5263045,Milwaukee,Milwaukee,43.0389025,-87.9064736,P,PPL,US,,WI,079,579180,188,195,America/Menominee,2007-02-17
5308655,Phoenix,Phoenix,33.4483771,-112.0740373,P,PPL,US,,AZ,013,1321045,331,0,America/Phoenix,2007-02-17
5318313,Tucson,Tucson,32.2217429,-110.926479,P,PPL,US,,AZ,019,518907,759,751,America/Phoenix,2007-02-17
5368361,Los Angeles,Los Angeles,34.0522342,-118.2436849,P,PPL,US,,CA,037,3694820,89,115,America/Los_Angeles,2007-02-17
5391811,San Diego,San Diego,32.7153292,-117.1572551,P,PPL,US,,CA,073,1223400,20,26,America/Los_Angeles,2007-02-17
5391959,San Francisco,San Francisco,37.7749295,-122.4194155,P,PPL,US,,CA,075,732072,16,60,America/Los_Angeles,2006-11-05
5392171,San Jose,San Jose,37.3393857,-121.8949555,P,PPL,US,,CA,085,894943,26,24,America/Los_Angeles,2007-02-17
5419384,Denver,Denver,39.7391536,-104.9847034,P,PPL,US,,CO,031,554636,1609,1598,America/Denver,2007-02-17
5520993,El Paso,El Paso,31.7587198,-106.4869314,P,PPL,US,,TX,141,563662,1133,1147,America/Shiprock,2007-02-17
5746545,Portland,Portland,45.5234515,-122.6762071,P,PPL,US,,OR,051,540513,12,61,America/Boise,2007-02-17
5809844,Seattle,Seattle,47.6062095,-122.3320708,P,PPL,US,,WA,033,569369,56,60,America/Boise,2007-02-17
3441575,Montevideo,Montevideo,-34.8580556,-56.1708333,P,PPLC,UY,,10,,1270737,,78,America/Montevideo,2007-02-17
1512569,Tashkent,Tashkent,41.3166667,69.25,P,PPLC,UZ,,13,,1978028,,460,Asia/Tashkent,2007-02-17
3625549,Valencia,Valencia,10.1805556,-68.0038889,P,PPL,VE,,07,,1385083,,558,America/Caracas,2007-02-17
3645528,Ciudad Guayana,Ciudad Guayana,8.3533333,-62.6527778,P,PPL,VE,,06,,746535,,7,America/Caracas,2007-02-18
3646738,Caracas,Caracas,10.5,-66.9166667,P,PPLC,VE,,25,,1815679,,920,America/Caracas,2007-02-17
3648522,Barquisimeto,Barquisimeto,10.0738889,-69.3227778,P,PPL,VE,,13,,809490,,573,America/Caracas,2007-02-18
1566083,Ho Chi Minh City,Ho Chi Minh City,10.75,106.6666667,P,PPLA,VN,,20,,3467331,,4,Asia/Saigon,2007-02-17
1581130,Hanoi,Hanoi,21.0333333,105.85,P,PPLC,VN,,44,,1431270,,26,Asia/Saigon,2006-11-05
1581298,Haiphong,Haiphong,20.8561111,106.6822222,P,PPLA,VN,,13,,602695,,3,Asia/Saigon,2007-02-17
70225,Ta`izz,Ta`izz,13.5666667,44.0333333,P,PPL,YE,,00,,615222,,1455,Asia/Aden,2006-01-27
71137,Sanaa,Sanaa,15.3547222,44.2066667,P,PPLC,YE,,16,,1778900,,2245,Asia/Aden,2007-02-17
79415,Al Ḩudaydah,Al Hudaydah,14.7977778,42.9522222,P,PPL,YE,,08,,617871,,18,Asia/Aden,2006-01-27
415189,`Adan,`Adan,12.7794444,45.0366667,P,PPL,YE,,02,,550602,,7,Asia/Aden,2007-02-17
949880,Tembisa,Tembisa,-25.9988889,28.2269444,P,PPL,ZA,,06,,511655,,1578,Africa/Johannesburg,2006-01-17
953781,Soweto,Soweto,-26.2666667,27.8666667,P,PPL,ZA,,06,,1695047,,1620,Africa/Johannesburg,2007-02-18
964137,Pretoria,Pretoria,-25.7069444,28.2294444,P,PPLC,ZA,,06,,1619438,,1282,Africa/Johannesburg,2007-02-17
964420,Port Elizabeth,Port Elizabeth,-33.9666667,25.5833333,P,PPL,ZA,,05,,967677,,35,Africa/Johannesburg,2006-11-05
965301,Pietermaritzburg,Pietermaritzburg,-29.6166667,30.3833333,P,PPLA,ZA,,02,,750845,,596,Africa/Johannesburg,2007-02-17
993800,Johannesburg,Johannesburg,-26.2,28.0833333,P,PPLA,ZA,,06,,2026469,,1775,Africa/Johannesburg,2007-02-17
1007311,Durban,Durban,-29.85,31.0166667,P,PPL,ZA,,02,,3120282,,28,Africa/Johannesburg,2007-02-17
1020098,Benoni,Benoni,-26.1833333,28.3166667,P,PPL,ZA,,06,,605344,,1596,Africa/Johannesburg,2006-01-17
3369157,Cape Town,Cape Town,-33.9166667,18.4166667,P,PPLA,ZA,,11,,3433441,,7,Africa/Johannesburg,2007-02-17
909137,Lusaka,Lusaka,-15.4166667,28.2833333,P,PPLC,ZM,,09,,1267440,,1277,Africa/Lusaka,2007-02-17
890299,Harare,Harare,-17.8177778,31.0447222,P,PPLC,ZW,,04,,1542813,,1481,Africa/Harare,2006-07-28
894701,Bulawayo,Bulawayo,-20.15,28.5833333,P,PPL,ZW,,06,,699385,,1353,Africa/Harare,2007-02-17
